urn:nbn:fi:fsd:T-FSD0115,urn:nbn:fi:csc-kata20141222154603240273
urn:nbn:fi:fsd:T-FSD0116,urn:nbn:fi:csc-kata20141222154609300567
urn:nbn:fi:fsd:T-FSD0119,urn:nbn:fi:csc-kata20141222154612866293
urn:nbn:fi:fsd:T-FSD0121,urn:nbn:fi:csc-kata20141222154617375366
urn:nbn:fi:fsd:T-FSD0153,urn:nbn:fi:csc-kata20141222154620094918
urn:nbn:fi:fsd:T-FSD0154,urn:nbn:fi:csc-kata20141222154623566702
urn:nbn:fi:fsd:T-FSD1000,urn:nbn:fi:csc-kata20141222154627640882
urn:nbn:fi:fsd:T-FSD1001,urn:nbn:fi:csc-kata20141222154631091149
urn:nbn:fi:fsd:T-FSD1002,urn:nbn:fi:csc-kata20141222154633474023
urn:nbn:fi:fsd:T-FSD1003,urn:nbn:fi:csc-kata20141222154636164968
urn:nbn:fi:fsd:T-FSD1004,urn:nbn:fi:csc-kata20141222154639363147
urn:nbn:fi:fsd:T-FSD1005,urn:nbn:fi:csc-kata20141222154641738843
urn:nbn:fi:fsd:T-FSD1006,urn:nbn:fi:csc-kata20141222154644084497
urn:nbn:fi:fsd:T-FSD1007,urn:nbn:fi:csc-kata20141222154646804920
urn:nbn:fi:fsd:T-FSD1008,urn:nbn:fi:csc-kata20141222154648492889
urn:nbn:fi:fsd:T-FSD1009,urn:nbn:fi:csc-kata20141222154650901112
urn:nbn:fi:fsd:T-FSD1010,urn:nbn:fi:csc-kata20141222154652941857
urn:nbn:fi:fsd:T-FSD1011,urn:nbn:fi:csc-kata20141222154654715619
urn:nbn:fi:fsd:T-FSD1012,urn:nbn:fi:csc-kata20141222154657761381
urn:nbn:fi:fsd:T-FSD1013,urn:nbn:fi:csc-kata20141222154700256652
urn:nbn:fi:fsd:T-FSD1014,urn:nbn:fi:csc-kata20141222154702139845
urn:nbn:fi:fsd:T-FSD1015,urn:nbn:fi:csc-kata20141222154704661553
urn:nbn:fi:fsd:T-FSD1016,urn:nbn:fi:csc-kata20141222154707837961
urn:nbn:fi:fsd:T-FSD1017,urn:nbn:fi:csc-kata20141222154709459309
urn:nbn:fi:fsd:T-FSD1019,urn:nbn:fi:csc-kata20141222154711845824
urn:nbn:fi:fsd:T-FSD1020,urn:nbn:fi:csc-kata20141222154713963474
urn:nbn:fi:fsd:T-FSD1021,urn:nbn:fi:csc-kata20141222154717016399
urn:nbn:fi:fsd:T-FSD1022,urn:nbn:fi:csc-kata20141222154719567614
urn:nbn:fi:fsd:T-FSD1023,urn:nbn:fi:csc-kata20141222154722019684
urn:nbn:fi:fsd:T-FSD1024,urn:nbn:fi:csc-kata20141222154724659305
urn:nbn:fi:fsd:T-FSD1025,urn:nbn:fi:csc-kata20141222154726458696
urn:nbn:fi:fsd:T-FSD1026,urn:nbn:fi:csc-kata20141222154729358682
urn:nbn:fi:fsd:T-FSD1027,urn:nbn:fi:csc-kata20141222154731136562
urn:nbn:fi:fsd:T-FSD1028,urn:nbn:fi:csc-kata20141222154733109892
urn:nbn:fi:fsd:T-FSD1029,urn:nbn:fi:csc-kata20141222154735304663
urn:nbn:fi:fsd:T-FSD1030,urn:nbn:fi:csc-kata20141222154737362591
urn:nbn:fi:fsd:T-FSD1031,urn:nbn:fi:csc-kata20141222154739481215
urn:nbn:fi:fsd:T-FSD1032,urn:nbn:fi:csc-kata20141222154741461924
urn:nbn:fi:fsd:T-FSD1033,urn:nbn:fi:csc-kata20141222154743882948
urn:nbn:fi:fsd:T-FSD1034,urn:nbn:fi:csc-kata20141222154747312811
urn:nbn:fi:fsd:T-FSD1035,urn:nbn:fi:csc-kata20141222154749858379
urn:nbn:fi:fsd:T-FSD1036,urn:nbn:fi:csc-kata20141222154752721238
urn:nbn:fi:fsd:T-FSD1037,urn:nbn:fi:csc-kata20141222154755286927
urn:nbn:fi:fsd:T-FSD1038,urn:nbn:fi:csc-kata20141222154757718087
urn:nbn:fi:fsd:T-FSD1040,urn:nbn:fi:csc-kata20141222154759777191
urn:nbn:fi:fsd:T-FSD1041,urn:nbn:fi:csc-kata20141222154801228133
urn:nbn:fi:fsd:T-FSD1042,urn:nbn:fi:csc-kata20141222154803063261
urn:nbn:fi:fsd:T-FSD1043,urn:nbn:fi:csc-kata20141222154805159357
urn:nbn:fi:fsd:T-FSD1045,urn:nbn:fi:csc-kata20141222154807328000
urn:nbn:fi:fsd:T-FSD1046,urn:nbn:fi:csc-kata20141222154810135222
urn:nbn:fi:fsd:T-FSD1047,urn:nbn:fi:csc-kata20141222154811419012
urn:nbn:fi:fsd:T-FSD1048,urn:nbn:fi:csc-kata20141222154813053767
urn:nbn:fi:fsd:T-FSD1049,urn:nbn:fi:csc-kata20141222154816795379
urn:nbn:fi:fsd:T-FSD1050,urn:nbn:fi:csc-kata20141222154818449993
urn:nbn:fi:fsd:T-FSD1051,urn:nbn:fi:csc-kata20141222154819983060
urn:nbn:fi:fsd:T-FSD1052,urn:nbn:fi:csc-kata20141222154821720267
urn:nbn:fi:fsd:T-FSD1053,urn:nbn:fi:csc-kata20141222154824078648
urn:nbn:fi:fsd:T-FSD1054,urn:nbn:fi:csc-kata20141222154826273969
urn:nbn:fi:fsd:T-FSD1055,urn:nbn:fi:csc-kata20141222154828274464
urn:nbn:fi:fsd:T-FSD1057,urn:nbn:fi:csc-kata20141222154830226191
urn:nbn:fi:fsd:T-FSD1058,urn:nbn:fi:csc-kata20141222154832677780
urn:nbn:fi:fsd:T-FSD1059,urn:nbn:fi:csc-kata20141222154834970982
urn:nbn:fi:fsd:T-FSD1062,urn:nbn:fi:csc-kata20141222154837199050
urn:nbn:fi:fsd:T-FSD1063,urn:nbn:fi:csc-kata20141222154839044481
urn:nbn:fi:fsd:T-FSD1064,urn:nbn:fi:csc-kata20141222154841698545
urn:nbn:fi:fsd:T-FSD1065,urn:nbn:fi:csc-kata20141222154844047530
urn:nbn:fi:fsd:T-FSD1066,urn:nbn:fi:csc-kata20141222154846123841
urn:nbn:fi:fsd:T-FSD1067,urn:nbn:fi:csc-kata20141222154848131349
urn:nbn:fi:fsd:T-FSD1068,urn:nbn:fi:csc-kata20141222154850421446
urn:nbn:fi:fsd:T-FSD1069,urn:nbn:fi:csc-kata20141222154852823528
urn:nbn:fi:fsd:T-FSD1070,urn:nbn:fi:csc-kata20141222154854728876
urn:nbn:fi:fsd:T-FSD1071,urn:nbn:fi:csc-kata20141222154856712534
urn:nbn:fi:fsd:T-FSD1072,urn:nbn:fi:csc-kata20141222154858822555
urn:nbn:fi:fsd:T-FSD1079,urn:nbn:fi:csc-kata20141222154900588885
urn:nbn:fi:fsd:T-FSD1080,urn:nbn:fi:csc-kata20141222154902326224
urn:nbn:fi:fsd:T-FSD1081,urn:nbn:fi:csc-kata20141222154904375060
urn:nbn:fi:fsd:T-FSD1082,urn:nbn:fi:csc-kata20141222154906494652
urn:nbn:fi:fsd:T-FSD1083,urn:nbn:fi:csc-kata20141222154909459973
urn:nbn:fi:fsd:T-FSD1084,urn:nbn:fi:csc-kata20141222154912555896
urn:nbn:fi:fsd:T-FSD1085,urn:nbn:fi:csc-kata20141222154915008714
urn:nbn:fi:fsd:T-FSD1086,urn:nbn:fi:csc-kata20141222154917585696
urn:nbn:fi:fsd:T-FSD1087,urn:nbn:fi:csc-kata20141222154920414339
urn:nbn:fi:fsd:T-FSD1088,urn:nbn:fi:csc-kata20141222154926023335
urn:nbn:fi:fsd:T-FSD1089,urn:nbn:fi:csc-kata20141222154928825353
urn:nbn:fi:fsd:T-FSD1090,urn:nbn:fi:csc-kata20141222154932367637
urn:nbn:fi:fsd:T-FSD1091,urn:nbn:fi:csc-kata20141222154934494245
urn:nbn:fi:fsd:T-FSD1092,urn:nbn:fi:csc-kata20141222154935724244
urn:nbn:fi:fsd:T-FSD1093,urn:nbn:fi:csc-kata20141222154937133129
urn:nbn:fi:fsd:T-FSD1094,urn:nbn:fi:csc-kata20141222154938399178
urn:nbn:fi:fsd:T-FSD1095,urn:nbn:fi:csc-kata20141222154939890374
urn:nbn:fi:fsd:T-FSD1096,urn:nbn:fi:csc-kata20141222154942009612
urn:nbn:fi:fsd:T-FSD1097,urn:nbn:fi:csc-kata20141222154943560527
urn:nbn:fi:fsd:T-FSD1098,urn:nbn:fi:csc-kata20141222154945399856
urn:nbn:fi:fsd:T-FSD1099,urn:nbn:fi:csc-kata20141222154947028144
urn:nbn:fi:fsd:T-FSD1104,urn:nbn:fi:csc-kata20141222154949195510
urn:nbn:fi:fsd:T-FSD1105,urn:nbn:fi:csc-kata20141222154951168013
urn:nbn:fi:fsd:T-FSD1106,urn:nbn:fi:csc-kata20141222154953563176
urn:nbn:fi:fsd:T-FSD1107,urn:nbn:fi:csc-kata20141222154955123852
urn:nbn:fi:fsd:T-FSD1108,urn:nbn:fi:csc-kata20141222154956998581
urn:nbn:fi:fsd:T-FSD1109,urn:nbn:fi:csc-kata20141222154958661814
urn:nbn:fi:fsd:T-FSD1110,urn:nbn:fi:csc-kata20141222155001102838
urn:nbn:fi:fsd:T-FSD1111,urn:nbn:fi:csc-kata20141222155003313575
urn:nbn:fi:fsd:T-FSD1112,urn:nbn:fi:csc-kata20141222155006666250
urn:nbn:fi:fsd:T-FSD1113,urn:nbn:fi:csc-kata20141222155009567117
urn:nbn:fi:fsd:T-FSD1114,urn:nbn:fi:csc-kata20141222155011336038
urn:nbn:fi:fsd:T-FSD1115,urn:nbn:fi:csc-kata20141222155013083283
urn:nbn:fi:fsd:T-FSD1116,urn:nbn:fi:csc-kata20141222155014672797
urn:nbn:fi:fsd:T-FSD1117,urn:nbn:fi:csc-kata20141222155016326693
urn:nbn:fi:fsd:T-FSD1118,urn:nbn:fi:csc-kata20141222155018313605
urn:nbn:fi:fsd:T-FSD1119,urn:nbn:fi:csc-kata20141222155020279638
urn:nbn:fi:fsd:T-FSD1120,urn:nbn:fi:csc-kata20141222155021700283
urn:nbn:fi:fsd:T-FSD1121,urn:nbn:fi:csc-kata20141222155023369409
urn:nbn:fi:fsd:T-FSD1122,urn:nbn:fi:csc-kata20141222155024693529
urn:nbn:fi:fsd:T-FSD1123,urn:nbn:fi:csc-kata20141222155026945423
urn:nbn:fi:fsd:T-FSD1124,urn:nbn:fi:csc-kata20141222155028283224
urn:nbn:fi:fsd:T-FSD1125,urn:nbn:fi:csc-kata20141222155029851792
urn:nbn:fi:fsd:T-FSD1126,urn:nbn:fi:csc-kata20141222155031201748
urn:nbn:fi:fsd:T-FSD1127,urn:nbn:fi:csc-kata20141222155032859068
urn:nbn:fi:fsd:T-FSD1128,urn:nbn:fi:csc-kata20141222155034748229
urn:nbn:fi:fsd:T-FSD1129,urn:nbn:fi:csc-kata20141222155036927353
urn:nbn:fi:fsd:T-FSD1130,urn:nbn:fi:csc-kata20141222155039489084
urn:nbn:fi:fsd:T-FSD1131,urn:nbn:fi:csc-kata20141222155041937332
urn:nbn:fi:fsd:T-FSD1132,urn:nbn:fi:csc-kata20141222155044326418
urn:nbn:fi:fsd:T-FSD1133,urn:nbn:fi:csc-kata20141222155046806308
urn:nbn:fi:fsd:T-FSD1134,urn:nbn:fi:csc-kata20141222155049282001
urn:nbn:fi:fsd:T-FSD1135,urn:nbn:fi:csc-kata20141222155051597352
urn:nbn:fi:fsd:T-FSD1136,urn:nbn:fi:csc-kata20141222155053625007
urn:nbn:fi:fsd:T-FSD1137,urn:nbn:fi:csc-kata20141222155055865924
urn:nbn:fi:fsd:T-FSD1138,urn:nbn:fi:csc-kata20141222155058299542
urn:nbn:fi:fsd:T-FSD1139,urn:nbn:fi:csc-kata20141222155101210372
urn:nbn:fi:fsd:T-FSD1140,urn:nbn:fi:csc-kata20141222155104246875
urn:nbn:fi:fsd:T-FSD1141,urn:nbn:fi:csc-kata20141222155106969984
urn:nbn:fi:fsd:T-FSD1142,urn:nbn:fi:csc-kata20141222155109003569
urn:nbn:fi:fsd:T-FSD1143,urn:nbn:fi:csc-kata20141222155111690250
urn:nbn:fi:fsd:T-FSD1144,urn:nbn:fi:csc-kata20141222155113552731
urn:nbn:fi:fsd:T-FSD1145,urn:nbn:fi:csc-kata20141222155115899094
urn:nbn:fi:fsd:T-FSD1146,urn:nbn:fi:csc-kata20141222155118326401
urn:nbn:fi:fsd:T-FSD1147,urn:nbn:fi:csc-kata20141222155120710769
urn:nbn:fi:fsd:T-FSD1148,urn:nbn:fi:csc-kata20141222155122546444
urn:nbn:fi:fsd:T-FSD1149,urn:nbn:fi:csc-kata20141222155124705450
urn:nbn:fi:fsd:T-FSD1150,urn:nbn:fi:csc-kata20141222155127019600
urn:nbn:fi:fsd:T-FSD1152,urn:nbn:fi:csc-kata20141222155128827448
urn:nbn:fi:fsd:T-FSD1153,urn:nbn:fi:csc-kata20141222155131148443
urn:nbn:fi:fsd:T-FSD1154,urn:nbn:fi:csc-kata20141222155133217034
urn:nbn:fi:fsd:T-FSD1155,urn:nbn:fi:csc-kata20141222155135128100
urn:nbn:fi:fsd:T-FSD1156,urn:nbn:fi:csc-kata20141222155137096025
urn:nbn:fi:fsd:T-FSD1157,urn:nbn:fi:csc-kata20141222155139200227
urn:nbn:fi:fsd:T-FSD1158,urn:nbn:fi:csc-kata20141222155140764331
urn:nbn:fi:fsd:T-FSD1159,urn:nbn:fi:csc-kata20141222155142171222
urn:nbn:fi:fsd:T-FSD1160,urn:nbn:fi:csc-kata20141222155144619065
urn:nbn:fi:fsd:T-FSD1161,urn:nbn:fi:csc-kata20141222155146033851
urn:nbn:fi:fsd:T-FSD1162,urn:nbn:fi:csc-kata20141222155148115994
urn:nbn:fi:fsd:T-FSD1163,urn:nbn:fi:csc-kata20141222155150433172
urn:nbn:fi:fsd:T-FSD1164,urn:nbn:fi:csc-kata20141222155152030352
urn:nbn:fi:fsd:T-FSD1165,urn:nbn:fi:csc-kata20141222155154108052
urn:nbn:fi:fsd:T-FSD1166,urn:nbn:fi:csc-kata20141222155155948757
urn:nbn:fi:fsd:T-FSD1167,urn:nbn:fi:csc-kata20141222155157606005
urn:nbn:fi:fsd:T-FSD1168,urn:nbn:fi:csc-kata20141222155158954948
urn:nbn:fi:fsd:T-FSD1169,urn:nbn:fi:csc-kata20141222155200572442
urn:nbn:fi:fsd:T-FSD1170,urn:nbn:fi:csc-kata20141222155202104720
urn:nbn:fi:fsd:T-FSD1171,urn:nbn:fi:csc-kata20141222155204193025
urn:nbn:fi:fsd:T-FSD1172,urn:nbn:fi:csc-kata20141222155206077085
urn:nbn:fi:fsd:T-FSD1173,urn:nbn:fi:csc-kata20141222155207790638
urn:nbn:fi:fsd:T-FSD1174,urn:nbn:fi:csc-kata20141222155211254306
urn:nbn:fi:fsd:T-FSD1175,urn:nbn:fi:csc-kata20141222155214072610
urn:nbn:fi:fsd:T-FSD1176,urn:nbn:fi:csc-kata20141222155216264689
urn:nbn:fi:fsd:T-FSD1177,urn:nbn:fi:csc-kata20141222155218626413
urn:nbn:fi:fsd:T-FSD1178,urn:nbn:fi:csc-kata20141222155221147193
urn:nbn:fi:fsd:T-FSD1179,urn:nbn:fi:csc-kata20141222155223773304
urn:nbn:fi:fsd:T-FSD1180,urn:nbn:fi:csc-kata20141222155226244919
urn:nbn:fi:fsd:T-FSD1181,urn:nbn:fi:csc-kata20141222155229032564
urn:nbn:fi:fsd:T-FSD1182,urn:nbn:fi:csc-kata20141222155231762940
urn:nbn:fi:fsd:T-FSD1183,urn:nbn:fi:csc-kata20141222155233806695
urn:nbn:fi:fsd:T-FSD1184,urn:nbn:fi:csc-kata20141222155237663088
urn:nbn:fi:fsd:T-FSD1185,urn:nbn:fi:csc-kata20141222155240132204
urn:nbn:fi:fsd:T-FSD1186,urn:nbn:fi:csc-kata20141222155243674773
urn:nbn:fi:fsd:T-FSD1187,urn:nbn:fi:csc-kata20141222155245585692
urn:nbn:fi:fsd:T-FSD1188,urn:nbn:fi:csc-kata20141222155248041726
urn:nbn:fi:fsd:T-FSD1189,urn:nbn:fi:csc-kata20141222155250204305
urn:nbn:fi:fsd:T-FSD1190,urn:nbn:fi:csc-kata20141222155252957714
urn:nbn:fi:fsd:T-FSD1191,urn:nbn:fi:csc-kata20141222155256857604
urn:nbn:fi:fsd:T-FSD1192,urn:nbn:fi:csc-kata20141222155258995306
urn:nbn:fi:fsd:T-FSD1193,urn:nbn:fi:csc-kata20141222155301736612
urn:nbn:fi:fsd:T-FSD1194,urn:nbn:fi:csc-kata20141222155305120075
urn:nbn:fi:fsd:T-FSD1195,urn:nbn:fi:csc-kata20141222155308030119
urn:nbn:fi:fsd:T-FSD1196,urn:nbn:fi:csc-kata20141222155310723650
urn:nbn:fi:fsd:T-FSD1197,urn:nbn:fi:csc-kata20141222155312595036
urn:nbn:fi:fsd:T-FSD1198,urn:nbn:fi:csc-kata20141222155314817406
urn:nbn:fi:fsd:T-FSD1199,urn:nbn:fi:csc-kata20141222155316910221
urn:nbn:fi:fsd:T-FSD1200,urn:nbn:fi:csc-kata20141222155318622494
urn:nbn:fi:fsd:T-FSD1201,urn:nbn:fi:csc-kata20141222155320856329
urn:nbn:fi:fsd:T-FSD1202,urn:nbn:fi:csc-kata20141222155322856291
urn:nbn:fi:fsd:T-FSD1203,urn:nbn:fi:csc-kata20141222155325019461
urn:nbn:fi:fsd:T-FSD1204,urn:nbn:fi:csc-kata20141222155327505319
urn:nbn:fi:fsd:T-FSD1205,urn:nbn:fi:csc-kata20141222155329878455
urn:nbn:fi:fsd:T-FSD1206,urn:nbn:fi:csc-kata20141222155332672941
urn:nbn:fi:fsd:T-FSD1207,urn:nbn:fi:csc-kata20141222155335430681
urn:nbn:fi:fsd:T-FSD1208,urn:nbn:fi:csc-kata20141222155337630578
urn:nbn:fi:fsd:T-FSD1209,urn:nbn:fi:csc-kata20141222155339489648
urn:nbn:fi:fsd:T-FSD1210,urn:nbn:fi:csc-kata20141222155342194088
urn:nbn:fi:fsd:T-FSD1211,urn:nbn:fi:csc-kata20141222155344769481
urn:nbn:fi:fsd:T-FSD1212,urn:nbn:fi:csc-kata20141222155346603530
urn:nbn:fi:fsd:T-FSD1213,urn:nbn:fi:csc-kata20141222155349933571
urn:nbn:fi:fsd:T-FSD1214,urn:nbn:fi:csc-kata20141222155352106723
urn:nbn:fi:fsd:T-FSD1215,urn:nbn:fi:csc-kata20141222155355383892
urn:nbn:fi:fsd:T-FSD1216,urn:nbn:fi:csc-kata20141222155358365272
urn:nbn:fi:fsd:T-FSD1217,urn:nbn:fi:csc-kata20141222155400823501
urn:nbn:fi:fsd:T-FSD1218,urn:nbn:fi:csc-kata20141222155403392262
urn:nbn:fi:fsd:T-FSD1219,urn:nbn:fi:csc-kata20141222155405930452
urn:nbn:fi:fsd:T-FSD1220,urn:nbn:fi:csc-kata20141222155408556461
urn:nbn:fi:fsd:T-FSD1221,urn:nbn:fi:csc-kata20141222155411512945
urn:nbn:fi:fsd:T-FSD1222,urn:nbn:fi:csc-kata20141222155413570968
urn:nbn:fi:fsd:T-FSD1223,urn:nbn:fi:csc-kata20141222155416686198
urn:nbn:fi:fsd:T-FSD1224,urn:nbn:fi:csc-kata20141222155418857744
urn:nbn:fi:fsd:T-FSD1225,urn:nbn:fi:csc-kata20141222155420640700
urn:nbn:fi:fsd:T-FSD1226,urn:nbn:fi:csc-kata20141222155422612211
urn:nbn:fi:fsd:T-FSD1227,urn:nbn:fi:csc-kata20141222155424762088
urn:nbn:fi:fsd:T-FSD1228,urn:nbn:fi:csc-kata20141222155427587282
urn:nbn:fi:fsd:T-FSD1229,urn:nbn:fi:csc-kata20141222155431526639
urn:nbn:fi:fsd:T-FSD1230,urn:nbn:fi:csc-kata20141222155434283097
urn:nbn:fi:fsd:T-FSD1231,urn:nbn:fi:csc-kata20141222155436146796
urn:nbn:fi:fsd:T-FSD1232,urn:nbn:fi:csc-kata20141222155437866354
urn:nbn:fi:fsd:T-FSD1233,urn:nbn:fi:csc-kata20141222155440453088
urn:nbn:fi:fsd:T-FSD1234,urn:nbn:fi:csc-kata20141222155443088274
urn:nbn:fi:fsd:T-FSD1235,urn:nbn:fi:csc-kata20141222155444910704
urn:nbn:fi:fsd:T-FSD1236,urn:nbn:fi:csc-kata20141222155446713550
urn:nbn:fi:fsd:T-FSD1237,urn:nbn:fi:csc-kata20141222155448778567
urn:nbn:fi:fsd:T-FSD1238,urn:nbn:fi:csc-kata20141222155451177013
urn:nbn:fi:fsd:T-FSD1239,urn:nbn:fi:csc-kata20141222155455008335
urn:nbn:fi:fsd:T-FSD1240,urn:nbn:fi:csc-kata20141222155456789982
urn:nbn:fi:fsd:T-FSD1241,urn:nbn:fi:csc-kata20141222155500361441
urn:nbn:fi:fsd:T-FSD1242,urn:nbn:fi:csc-kata20141222155502739224
urn:nbn:fi:fsd:T-FSD1243,urn:nbn:fi:csc-kata20141222155506491544
urn:nbn:fi:fsd:T-FSD1244,urn:nbn:fi:csc-kata20141222155509050409
urn:nbn:fi:fsd:T-FSD1245,urn:nbn:fi:csc-kata20141222155512986651
urn:nbn:fi:fsd:T-FSD1247,urn:nbn:fi:csc-kata20141222155515231871
urn:nbn:fi:fsd:T-FSD1249,urn:nbn:fi:csc-kata20141222155516600576
urn:nbn:fi:fsd:T-FSD1250,urn:nbn:fi:csc-kata20141222155519076763
urn:nbn:fi:fsd:T-FSD1251,urn:nbn:fi:csc-kata20141222155520436939
urn:nbn:fi:fsd:T-FSD1252,urn:nbn:fi:csc-kata20141222155522654256
urn:nbn:fi:fsd:T-FSD1253,urn:nbn:fi:csc-kata20141222155524987575
urn:nbn:fi:fsd:T-FSD1254,urn:nbn:fi:csc-kata20141222155526991266
urn:nbn:fi:fsd:T-FSD1255,urn:nbn:fi:csc-kata20141222155528927627
urn:nbn:fi:fsd:T-FSD1256,urn:nbn:fi:csc-kata20141222155530803944
urn:nbn:fi:fsd:T-FSD1257,urn:nbn:fi:csc-kata20141222155533069368
urn:nbn:fi:fsd:T-FSD1258,urn:nbn:fi:csc-kata20141222155535236722
urn:nbn:fi:fsd:T-FSD1259,urn:nbn:fi:csc-kata20141222155537013437
urn:nbn:fi:fsd:T-FSD1260,urn:nbn:fi:csc-kata20141222155541062085
urn:nbn:fi:fsd:T-FSD1261,urn:nbn:fi:csc-kata20141222155543000360
urn:nbn:fi:fsd:T-FSD1262,urn:nbn:fi:csc-kata20141222155545275273
urn:nbn:fi:fsd:T-FSD1263,urn:nbn:fi:csc-kata20141222155547623603
urn:nbn:fi:fsd:T-FSD1264,urn:nbn:fi:csc-kata20141222155549761306
urn:nbn:fi:fsd:T-FSD1265,urn:nbn:fi:csc-kata20141222155551630354
urn:nbn:fi:fsd:T-FSD1266,urn:nbn:fi:csc-kata20141222155553807026
urn:nbn:fi:fsd:T-FSD1267,urn:nbn:fi:csc-kata20141222155555108677
urn:nbn:fi:fsd:T-FSD1268,urn:nbn:fi:csc-kata20141222155556925544
urn:nbn:fi:fsd:T-FSD1269,urn:nbn:fi:csc-kata20141222155600024135
urn:nbn:fi:fsd:T-FSD1270,urn:nbn:fi:csc-kata20141222155601379033
urn:nbn:fi:fsd:T-FSD1271,urn:nbn:fi:csc-kata20141222155602855111
urn:nbn:fi:fsd:T-FSD1273,urn:nbn:fi:csc-kata20141222155606043070
urn:nbn:fi:fsd:T-FSD1274,urn:nbn:fi:csc-kata20141222155608724474
urn:nbn:fi:fsd:T-FSD1275,urn:nbn:fi:csc-kata20141222155611467490
urn:nbn:fi:fsd:T-FSD1276,urn:nbn:fi:csc-kata20141222155613975299
urn:nbn:fi:fsd:T-FSD1277,urn:nbn:fi:csc-kata20141222155616077434
urn:nbn:fi:fsd:T-FSD1278,urn:nbn:fi:csc-kata20141222155620493430
urn:nbn:fi:fsd:T-FSD1279,urn:nbn:fi:csc-kata20141222155622573036
urn:nbn:fi:fsd:T-FSD1280,urn:nbn:fi:csc-kata20141222155623828773
urn:nbn:fi:fsd:T-FSD1281,urn:nbn:fi:csc-kata20141222155625456542
urn:nbn:fi:fsd:T-FSD1282,urn:nbn:fi:csc-kata20141222155627153256
urn:nbn:fi:fsd:T-FSD1283,urn:nbn:fi:csc-kata20141222155628344754
urn:nbn:fi:fsd:T-FSD1284,urn:nbn:fi:csc-kata20141222155636338825
urn:nbn:fi:fsd:T-FSD1285,urn:nbn:fi:csc-kata20141222155643309937
urn:nbn:fi:fsd:T-FSD1286,urn:nbn:fi:csc-kata20141222155644970892
urn:nbn:fi:fsd:T-FSD1287,urn:nbn:fi:csc-kata20141222155646409304
urn:nbn:fi:fsd:T-FSD1288,urn:nbn:fi:csc-kata20141222155648018359
urn:nbn:fi:fsd:T-FSD1289,urn:nbn:fi:csc-kata20141222155649233437
urn:nbn:fi:fsd:T-FSD1290,urn:nbn:fi:csc-kata20141222155650905533
urn:nbn:fi:fsd:T-FSD1291,urn:nbn:fi:csc-kata20141222155652923642
urn:nbn:fi:fsd:T-FSD1292,urn:nbn:fi:csc-kata20141222155658067410
urn:nbn:fi:fsd:T-FSD1293,urn:nbn:fi:csc-kata20141222155659503329
urn:nbn:fi:fsd:T-FSD1294,urn:nbn:fi:csc-kata20141222155701789471
urn:nbn:fi:fsd:T-FSD1295,urn:nbn:fi:csc-kata20141222155703980001
urn:nbn:fi:fsd:T-FSD1296,urn:nbn:fi:csc-kata20141222155705607975
urn:nbn:fi:fsd:T-FSD1297,urn:nbn:fi:csc-kata20141222155706891038
urn:nbn:fi:fsd:T-FSD1298,urn:nbn:fi:csc-kata20141222155708927274
urn:nbn:fi:fsd:T-FSD1299,urn:nbn:fi:csc-kata20141222155711057073
urn:nbn:fi:fsd:T-FSD1300,urn:nbn:fi:csc-kata20141222155712953764
urn:nbn:fi:fsd:T-FSD1301,urn:nbn:fi:csc-kata20141222155715101456
urn:nbn:fi:fsd:T-FSD1302,urn:nbn:fi:csc-kata20141222155716541734
urn:nbn:fi:fsd:T-FSD1303,urn:nbn:fi:csc-kata20141222155720601201
urn:nbn:fi:fsd:T-FSD1304,urn:nbn:fi:csc-kata20141222155722262359
urn:nbn:fi:fsd:T-FSD1306,urn:nbn:fi:csc-kata20141222155724095989
urn:nbn:fi:fsd:T-FSD1307,urn:nbn:fi:csc-kata20141222155726120073
urn:nbn:fi:fsd:T-FSD1308,urn:nbn:fi:csc-kata20141222155728028887
urn:nbn:fi:fsd:T-FSD1309,urn:nbn:fi:csc-kata20141222155729815193
urn:nbn:fi:fsd:T-FSD1310,urn:nbn:fi:csc-kata20141222155732037764
urn:nbn:fi:fsd:T-FSD1311,urn:nbn:fi:csc-kata20141222155733851905
urn:nbn:fi:fsd:T-FSD1312,urn:nbn:fi:csc-kata20141222155736211906
urn:nbn:fi:fsd:T-FSD1313,urn:nbn:fi:csc-kata20141222155738142517
urn:nbn:fi:fsd:T-FSD1314,urn:nbn:fi:csc-kata20141222155741266709
urn:nbn:fi:fsd:T-FSD1315,urn:nbn:fi:csc-kata20141222155743586933
urn:nbn:fi:fsd:T-FSD1316,urn:nbn:fi:csc-kata20141222155745507568
urn:nbn:fi:fsd:T-FSD1317,urn:nbn:fi:csc-kata20141222155747022994
urn:nbn:fi:fsd:T-FSD1318,urn:nbn:fi:csc-kata20141222155748236934
urn:nbn:fi:fsd:T-FSD1319,urn:nbn:fi:csc-kata20141222155749762053
urn:nbn:fi:fsd:T-FSD1320,urn:nbn:fi:csc-kata20141222155752698278
urn:nbn:fi:fsd:T-FSD1321,urn:nbn:fi:csc-kata20141222155755181614
urn:nbn:fi:fsd:T-FSD1322,urn:nbn:fi:csc-kata20141222155757986763
urn:nbn:fi:fsd:T-FSD1323,urn:nbn:fi:csc-kata20141222155800949299
urn:nbn:fi:fsd:T-FSD1324,urn:nbn:fi:csc-kata20141222155802282412
urn:nbn:fi:fsd:T-FSD1325,urn:nbn:fi:csc-kata20141222155803347519
urn:nbn:fi:fsd:T-FSD1326,urn:nbn:fi:csc-kata20141222155805612947
urn:nbn:fi:fsd:T-FSD1355,urn:nbn:fi:csc-kata20141222155807661930
urn:nbn:fi:fsd:T-FSD1356,urn:nbn:fi:csc-kata20141222155810682620
urn:nbn:fi:fsd:T-FSD1357,urn:nbn:fi:csc-kata20141222155813875590
urn:nbn:fi:fsd:T-FSD1358,urn:nbn:fi:csc-kata20141222155815220890
urn:nbn:fi:fsd:T-FSD1359,urn:nbn:fi:csc-kata20141222155816866697
urn:nbn:fi:fsd:T-FSD1360,urn:nbn:fi:csc-kata20141222155818556097
urn:nbn:fi:fsd:T-FSD1361,urn:nbn:fi:csc-kata20141222155820858434
urn:nbn:fi:fsd:T-FSD2000,urn:nbn:fi:csc-kata20141222155822000212
urn:nbn:fi:fsd:T-FSD2002,urn:nbn:fi:csc-kata20141222155823563850
urn:nbn:fi:fsd:T-FSD2003,urn:nbn:fi:csc-kata20141222155826351426
urn:nbn:fi:fsd:T-FSD2004,urn:nbn:fi:csc-kata20141222155828181647
urn:nbn:fi:fsd:T-FSD2005,urn:nbn:fi:csc-kata20141222155829455084
urn:nbn:fi:fsd:T-FSD2006,urn:nbn:fi:csc-kata20141222155832294574
urn:nbn:fi:fsd:T-FSD2007,urn:nbn:fi:csc-kata20141222155833924406
urn:nbn:fi:fsd:T-FSD2008,urn:nbn:fi:csc-kata20141222155836627925
urn:nbn:fi:fsd:T-FSD2009,urn:nbn:fi:csc-kata20141222155838040193
urn:nbn:fi:fsd:T-FSD2010,urn:nbn:fi:csc-kata20141222155840728904
urn:nbn:fi:fsd:T-FSD2015,urn:nbn:fi:csc-kata20141222155843351547
urn:nbn:fi:fsd:T-FSD2016,urn:nbn:fi:csc-kata20141222155845044116
urn:nbn:fi:fsd:T-FSD2017,urn:nbn:fi:csc-kata20141222155847018966
urn:nbn:fi:fsd:T-FSD2018,urn:nbn:fi:csc-kata20141222155849580089
urn:nbn:fi:fsd:T-FSD2019,urn:nbn:fi:csc-kata20141222155851285195
urn:nbn:fi:fsd:T-FSD2020,urn:nbn:fi:csc-kata20141222155853112348
urn:nbn:fi:fsd:T-FSD2021,urn:nbn:fi:csc-kata20141222155855216189
urn:nbn:fi:fsd:T-FSD2022,urn:nbn:fi:csc-kata20141222155857409215
urn:nbn:fi:fsd:T-FSD2023,urn:nbn:fi:csc-kata20141222155859507685
urn:nbn:fi:fsd:T-FSD2024,urn:nbn:fi:csc-kata20141222155901695068
urn:nbn:fi:fsd:T-FSD2025,urn:nbn:fi:csc-kata20141222155902890597
urn:nbn:fi:fsd:T-FSD2026,urn:nbn:fi:csc-kata20141222155905607660
urn:nbn:fi:fsd:T-FSD2029,urn:nbn:fi:csc-kata20141222155908224410
urn:nbn:fi:fsd:T-FSD2030,urn:nbn:fi:csc-kata20141222155909737944
urn:nbn:fi:fsd:T-FSD2031,urn:nbn:fi:csc-kata20141222155912084307
urn:nbn:fi:fsd:T-FSD2032,urn:nbn:fi:csc-kata20141222155913628263
urn:nbn:fi:fsd:T-FSD2033,urn:nbn:fi:csc-kata20141222155915263724
urn:nbn:fi:fsd:T-FSD2034,urn:nbn:fi:csc-kata20141222155917419322
urn:nbn:fi:fsd:T-FSD2039,urn:nbn:fi:csc-kata20141222155919988353
urn:nbn:fi:fsd:T-FSD2041,urn:nbn:fi:csc-kata20141222155922681849
urn:nbn:fi:fsd:T-FSD2042,urn:nbn:fi:csc-kata20141222155924957663
urn:nbn:fi:fsd:T-FSD2043,urn:nbn:fi:csc-kata20141222155927846620
urn:nbn:fi:fsd:T-FSD2044,urn:nbn:fi:csc-kata20141222155929326157
urn:nbn:fi:fsd:T-FSD2045,urn:nbn:fi:csc-kata20141222155931417387
urn:nbn:fi:fsd:T-FSD2046,urn:nbn:fi:csc-kata20141222155934371734
urn:nbn:fi:fsd:T-FSD2047,urn:nbn:fi:csc-kata20141222155936468906
urn:nbn:fi:fsd:T-FSD2048,urn:nbn:fi:csc-kata20141222155938707351
urn:nbn:fi:fsd:T-FSD2049,urn:nbn:fi:csc-kata20141222155940689823
urn:nbn:fi:fsd:T-FSD2050,urn:nbn:fi:csc-kata20141222155943400105
urn:nbn:fi:fsd:T-FSD2051,urn:nbn:fi:csc-kata20141222155946654954
urn:nbn:fi:fsd:T-FSD2052,urn:nbn:fi:csc-kata20141222155949129235
urn:nbn:fi:fsd:T-FSD2053,urn:nbn:fi:csc-kata20141222155951613925
urn:nbn:fi:fsd:T-FSD2054,urn:nbn:fi:csc-kata20141222155953461495
urn:nbn:fi:fsd:T-FSD2057,urn:nbn:fi:csc-kata20141222155955432408
urn:nbn:fi:fsd:T-FSD2058,urn:nbn:fi:csc-kata20141222155957080056
urn:nbn:fi:fsd:T-FSD2059,urn:nbn:fi:csc-kata20141222155958454822
urn:nbn:fi:fsd:T-FSD2069,urn:nbn:fi:csc-kata20141222160000041093
urn:nbn:fi:fsd:T-FSD2070,urn:nbn:fi:csc-kata20141222160002705107
urn:nbn:fi:fsd:T-FSD2071,urn:nbn:fi:csc-kata20141222160004277978
urn:nbn:fi:fsd:T-FSD2072,urn:nbn:fi:csc-kata20141222160005624262
urn:nbn:fi:fsd:T-FSD2073,urn:nbn:fi:csc-kata20141222160006753948
urn:nbn:fi:fsd:T-FSD2074,urn:nbn:fi:csc-kata20141222160008527393
urn:nbn:fi:fsd:T-FSD2075,urn:nbn:fi:csc-kata20141222160010514188
urn:nbn:fi:fsd:T-FSD2076,urn:nbn:fi:csc-kata20141222160013776808
urn:nbn:fi:fsd:T-FSD2077,urn:nbn:fi:csc-kata20141222160016602199
urn:nbn:fi:fsd:T-FSD2078,urn:nbn:fi:csc-kata20141222160019269981
urn:nbn:fi:fsd:T-FSD2079,urn:nbn:fi:csc-kata20141222160020857902
urn:nbn:fi:fsd:T-FSD2080,urn:nbn:fi:csc-kata20141222160022348797
urn:nbn:fi:fsd:T-FSD2081,urn:nbn:fi:csc-kata20141222160024160379
urn:nbn:fi:fsd:T-FSD2082,urn:nbn:fi:csc-kata20141222160026105131
urn:nbn:fi:fsd:T-FSD2083,urn:nbn:fi:csc-kata20141222160027944852
urn:nbn:fi:fsd:T-FSD2084,urn:nbn:fi:csc-kata20141222160029510475
urn:nbn:fi:fsd:T-FSD2085,urn:nbn:fi:csc-kata20141222160031077955
urn:nbn:fi:fsd:T-FSD2087,urn:nbn:fi:csc-kata20141222160032678025
urn:nbn:fi:fsd:T-FSD2088,urn:nbn:fi:csc-kata20141222160035015949
urn:nbn:fi:fsd:T-FSD2089,urn:nbn:fi:csc-kata20141222160037091842
urn:nbn:fi:fsd:T-FSD2090,urn:nbn:fi:csc-kata20141222160038986647
urn:nbn:fi:fsd:T-FSD2091,urn:nbn:fi:csc-kata20141222160041161726
urn:nbn:fi:fsd:T-FSD2092,urn:nbn:fi:csc-kata20141222160042873059
urn:nbn:fi:fsd:T-FSD2093,urn:nbn:fi:csc-kata20141222160044465785
urn:nbn:fi:fsd:T-FSD2094,urn:nbn:fi:csc-kata20141222160046455322
urn:nbn:fi:fsd:T-FSD2095,urn:nbn:fi:csc-kata20141222160048508840
urn:nbn:fi:fsd:T-FSD2096,urn:nbn:fi:csc-kata20141222160050018461
urn:nbn:fi:fsd:T-FSD2097,urn:nbn:fi:csc-kata20141222160051465445
urn:nbn:fi:fsd:T-FSD2098,urn:nbn:fi:csc-kata20141222160054167070
urn:nbn:fi:fsd:T-FSD2099,urn:nbn:fi:csc-kata20141222160056245086
urn:nbn:fi:fsd:T-FSD2100,urn:nbn:fi:csc-kata20141222160058304040
urn:nbn:fi:fsd:T-FSD2101,urn:nbn:fi:csc-kata20141222160100062642
urn:nbn:fi:fsd:T-FSD2102,urn:nbn:fi:csc-kata20141222160104072026
urn:nbn:fi:fsd:T-FSD2103,urn:nbn:fi:csc-kata20141222160105299798
urn:nbn:fi:fsd:T-FSD2104,urn:nbn:fi:csc-kata20141222160106560904
urn:nbn:fi:fsd:T-FSD2105,urn:nbn:fi:csc-kata20141222160109086025
urn:nbn:fi:fsd:T-FSD2108,urn:nbn:fi:csc-kata20141222160110594931
urn:nbn:fi:fsd:T-FSD2109,urn:nbn:fi:csc-kata20141222160112894896
urn:nbn:fi:fsd:T-FSD2110,urn:nbn:fi:csc-kata20141222160116438326
urn:nbn:fi:fsd:T-FSD2111,urn:nbn:fi:csc-kata20141222160119888800
urn:nbn:fi:fsd:T-FSD2114,urn:nbn:fi:csc-kata20141222160121445249
urn:nbn:fi:fsd:T-FSD2116,urn:nbn:fi:csc-kata20141222160125587922
urn:nbn:fi:fsd:T-FSD2117,urn:nbn:fi:csc-kata20141222160129045086
urn:nbn:fi:fsd:T-FSD2118,urn:nbn:fi:csc-kata20141222160132124373
urn:nbn:fi:fsd:T-FSD2119,urn:nbn:fi:csc-kata20141222160133833903
urn:nbn:fi:fsd:T-FSD2120,urn:nbn:fi:csc-kata20141222160135413645
urn:nbn:fi:fsd:T-FSD2121,urn:nbn:fi:csc-kata20141222160136777396
urn:nbn:fi:fsd:T-FSD2122,urn:nbn:fi:csc-kata20141222160138764492
urn:nbn:fi:fsd:T-FSD2123,urn:nbn:fi:csc-kata20141222160139838529
urn:nbn:fi:fsd:T-FSD2124,urn:nbn:fi:csc-kata20141222160141379445
urn:nbn:fi:fsd:T-FSD2125,urn:nbn:fi:csc-kata20141222160142949357
urn:nbn:fi:fsd:T-FSD2126,urn:nbn:fi:csc-kata20141222160144114236
urn:nbn:fi:fsd:T-FSD2127,urn:nbn:fi:csc-kata20141222160145087943
urn:nbn:fi:fsd:T-FSD2128,urn:nbn:fi:csc-kata20141222160146300828
urn:nbn:fi:fsd:T-FSD2130,urn:nbn:fi:csc-kata20141222160148456879
urn:nbn:fi:fsd:T-FSD2131,urn:nbn:fi:csc-kata20141222160149822965
urn:nbn:fi:fsd:T-FSD2133,urn:nbn:fi:csc-kata20141222160152110876
urn:nbn:fi:fsd:T-FSD2134,urn:nbn:fi:csc-kata20141222160153718181
urn:nbn:fi:fsd:T-FSD2135,urn:nbn:fi:csc-kata20141222160155733314
urn:nbn:fi:fsd:T-FSD2136,urn:nbn:fi:csc-kata20141222160157327399
urn:nbn:fi:fsd:T-FSD2137,urn:nbn:fi:csc-kata20141222160158815174
urn:nbn:fi:fsd:T-FSD2138,urn:nbn:fi:csc-kata20141222160200769475
urn:nbn:fi:fsd:T-FSD2139,urn:nbn:fi:csc-kata20141222160201969642
urn:nbn:fi:fsd:T-FSD2140,urn:nbn:fi:csc-kata20141222160203440156
urn:nbn:fi:fsd:T-FSD2141,urn:nbn:fi:csc-kata20141222160204860422
urn:nbn:fi:fsd:T-FSD2142,urn:nbn:fi:csc-kata20141222160206071150
urn:nbn:fi:fsd:T-FSD2143,urn:nbn:fi:csc-kata20141222160207581547
urn:nbn:fi:fsd:T-FSD2144,urn:nbn:fi:csc-kata20141222160208699934
urn:nbn:fi:fsd:T-FSD2145,urn:nbn:fi:csc-kata20141222160212828323
urn:nbn:fi:fsd:T-FSD2146,urn:nbn:fi:csc-kata20141222160215124278
urn:nbn:fi:fsd:T-FSD2147,urn:nbn:fi:csc-kata20141222160217806534
urn:nbn:fi:fsd:T-FSD2148,urn:nbn:fi:csc-kata20141222160220657112
urn:nbn:fi:fsd:T-FSD2149,urn:nbn:fi:csc-kata20141222160223210161
urn:nbn:fi:fsd:T-FSD2150,urn:nbn:fi:csc-kata20141222160225432964
urn:nbn:fi:fsd:T-FSD2151,urn:nbn:fi:csc-kata20141222160228370380
urn:nbn:fi:fsd:T-FSD2152,urn:nbn:fi:csc-kata20141222160231147031
urn:nbn:fi:fsd:T-FSD2153,urn:nbn:fi:csc-kata20141222160233611695
urn:nbn:fi:fsd:T-FSD2154,urn:nbn:fi:csc-kata20141222160236580584
urn:nbn:fi:fsd:T-FSD2155,urn:nbn:fi:csc-kata20141222160239622602
urn:nbn:fi:fsd:T-FSD2156,urn:nbn:fi:csc-kata20141222160241656687
urn:nbn:fi:fsd:T-FSD2157,urn:nbn:fi:csc-kata20141222160244121689
urn:nbn:fi:fsd:T-FSD2158,urn:nbn:fi:csc-kata20141222160246410577
urn:nbn:fi:fsd:T-FSD2159,urn:nbn:fi:csc-kata20141222160248381563
urn:nbn:fi:fsd:T-FSD2160,urn:nbn:fi:csc-kata20141222160250565365
urn:nbn:fi:fsd:T-FSD2161,urn:nbn:fi:csc-kata20141222160253306939
urn:nbn:fi:fsd:T-FSD2162,urn:nbn:fi:csc-kata20141222160255855095
urn:nbn:fi:fsd:T-FSD2163,urn:nbn:fi:csc-kata20141222160257674234
urn:nbn:fi:fsd:T-FSD2164,urn:nbn:fi:csc-kata20141222160300305902
urn:nbn:fi:fsd:T-FSD2165,urn:nbn:fi:csc-kata20141222160302994526
urn:nbn:fi:fsd:T-FSD2166,urn:nbn:fi:csc-kata20141222160305109030
urn:nbn:fi:fsd:T-FSD2167,urn:nbn:fi:csc-kata20141222160307310721
urn:nbn:fi:fsd:T-FSD2168,urn:nbn:fi:csc-kata20141222160309902738
urn:nbn:fi:fsd:T-FSD2169,urn:nbn:fi:csc-kata20141222160311962752
urn:nbn:fi:fsd:T-FSD2170,urn:nbn:fi:csc-kata20141222160315187241
urn:nbn:fi:fsd:T-FSD2171,urn:nbn:fi:csc-kata20141222160316381600
urn:nbn:fi:fsd:T-FSD2172,urn:nbn:fi:csc-kata20141222160318518697
urn:nbn:fi:fsd:T-FSD2173,urn:nbn:fi:csc-kata20141222160321484809
urn:nbn:fi:fsd:T-FSD2174,urn:nbn:fi:csc-kata20141222160324068138
urn:nbn:fi:fsd:T-FSD2175,urn:nbn:fi:csc-kata20141222160327931391
urn:nbn:fi:fsd:T-FSD2176,urn:nbn:fi:csc-kata20141222160330878750
urn:nbn:fi:fsd:T-FSD2177,urn:nbn:fi:csc-kata20141222160334416676
urn:nbn:fi:fsd:T-FSD2178,urn:nbn:fi:csc-kata20141222160335941608
urn:nbn:fi:fsd:T-FSD2179,urn:nbn:fi:csc-kata20141222160338176946
urn:nbn:fi:fsd:T-FSD2180,urn:nbn:fi:csc-kata20141222160340214164
urn:nbn:fi:fsd:T-FSD2181,urn:nbn:fi:csc-kata20141222160341839977
urn:nbn:fi:fsd:T-FSD2182,urn:nbn:fi:csc-kata20141222160343096532
urn:nbn:fi:fsd:T-FSD2183,urn:nbn:fi:csc-kata20141222160344343037
urn:nbn:fi:fsd:T-FSD2185,urn:nbn:fi:csc-kata20141222160346617601
urn:nbn:fi:fsd:T-FSD2186,urn:nbn:fi:csc-kata20141222160348471263
urn:nbn:fi:fsd:T-FSD2187,urn:nbn:fi:csc-kata20141222160350195865
urn:nbn:fi:fsd:T-FSD2188,urn:nbn:fi:csc-kata20141222160352268270
urn:nbn:fi:fsd:T-FSD2189,urn:nbn:fi:csc-kata20141222160353933833
urn:nbn:fi:fsd:T-FSD2190,urn:nbn:fi:csc-kata20141222160355773250
urn:nbn:fi:fsd:T-FSD2191,urn:nbn:fi:csc-kata20141222160357482732
urn:nbn:fi:fsd:T-FSD2192,urn:nbn:fi:csc-kata20141222160359376008
urn:nbn:fi:fsd:T-FSD2193,urn:nbn:fi:csc-kata20141222160401694871
urn:nbn:fi:fsd:T-FSD2194,urn:nbn:fi:csc-kata20141222160403470964
urn:nbn:fi:fsd:T-FSD2195,urn:nbn:fi:csc-kata20141222160404951554
urn:nbn:fi:fsd:T-FSD2196,urn:nbn:fi:csc-kata20141222160406146794
urn:nbn:fi:fsd:T-FSD2197,urn:nbn:fi:csc-kata20141222160407317164
urn:nbn:fi:fsd:T-FSD2198,urn:nbn:fi:csc-kata20141222160414906902
urn:nbn:fi:fsd:T-FSD2199,urn:nbn:fi:csc-kata20141222160416458936
urn:nbn:fi:fsd:T-FSD2200,urn:nbn:fi:csc-kata20141222160417947084
urn:nbn:fi:fsd:T-FSD2201,urn:nbn:fi:csc-kata20141222160420912827
urn:nbn:fi:fsd:T-FSD2202,urn:nbn:fi:csc-kata20141222160422091302
urn:nbn:fi:fsd:T-FSD2203,urn:nbn:fi:csc-kata20141222160423502672
urn:nbn:fi:fsd:T-FSD2204,urn:nbn:fi:csc-kata20141222160425136806
urn:nbn:fi:fsd:T-FSD2205,urn:nbn:fi:csc-kata20141222160426332695
urn:nbn:fi:fsd:T-FSD2206,urn:nbn:fi:csc-kata20141222160427571090
urn:nbn:fi:fsd:T-FSD2207,urn:nbn:fi:csc-kata20141222160430475538
urn:nbn:fi:fsd:T-FSD2208,urn:nbn:fi:csc-kata20141222160433681204
urn:nbn:fi:fsd:T-FSD2209,urn:nbn:fi:csc-kata20141222160435416889
urn:nbn:fi:fsd:T-FSD2210,urn:nbn:fi:csc-kata20141222160437538556
urn:nbn:fi:fsd:T-FSD2211,urn:nbn:fi:csc-kata20141222160440106361
urn:nbn:fi:fsd:T-FSD2212,urn:nbn:fi:csc-kata20141222160441935252
urn:nbn:fi:fsd:T-FSD2213,urn:nbn:fi:csc-kata20141222160443261836
urn:nbn:fi:fsd:T-FSD2214,urn:nbn:fi:csc-kata20141222160444620310
urn:nbn:fi:fsd:T-FSD2215,urn:nbn:fi:csc-kata20141222160446282981
urn:nbn:fi:fsd:T-FSD2217,urn:nbn:fi:csc-kata20141222160448013767
urn:nbn:fi:fsd:T-FSD2221,urn:nbn:fi:csc-kata20141222160449213373
urn:nbn:fi:fsd:T-FSD2224,urn:nbn:fi:csc-kata20141222160451939579
urn:nbn:fi:fsd:T-FSD2225,urn:nbn:fi:csc-kata20141222160453223702
urn:nbn:fi:fsd:T-FSD2226,urn:nbn:fi:csc-kata20141222160454583447
urn:nbn:fi:fsd:T-FSD2227,urn:nbn:fi:csc-kata20141222160455849973
urn:nbn:fi:fsd:T-FSD2228,urn:nbn:fi:csc-kata20141222160457227036
urn:nbn:fi:fsd:T-FSD2229,urn:nbn:fi:csc-kata20141222160459094995
urn:nbn:fi:fsd:T-FSD2232,urn:nbn:fi:csc-kata20141222160500861453
urn:nbn:fi:fsd:T-FSD2233,urn:nbn:fi:csc-kata20141222160507032137
urn:nbn:fi:fsd:T-FSD2234,urn:nbn:fi:csc-kata20141222160513482008
urn:nbn:fi:fsd:T-FSD2235,urn:nbn:fi:csc-kata20141222160515520887
urn:nbn:fi:fsd:T-FSD2236,urn:nbn:fi:csc-kata20141222160517169847
urn:nbn:fi:fsd:T-FSD2237,urn:nbn:fi:csc-kata20141222160519015373
urn:nbn:fi:fsd:T-FSD2238,urn:nbn:fi:csc-kata20141222160520875105
urn:nbn:fi:fsd:T-FSD2240,urn:nbn:fi:csc-kata20141222160522684041
urn:nbn:fi:fsd:T-FSD2246,urn:nbn:fi:csc-kata20141222160523757909
urn:nbn:fi:fsd:T-FSD2247,urn:nbn:fi:csc-kata20141222160525201649
urn:nbn:fi:fsd:T-FSD2248,urn:nbn:fi:csc-kata20141222160527828031
urn:nbn:fi:fsd:T-FSD2249,urn:nbn:fi:csc-kata20141222160529574369
urn:nbn:fi:fsd:T-FSD2250,urn:nbn:fi:csc-kata20141222160530865827
urn:nbn:fi:fsd:T-FSD2251,urn:nbn:fi:csc-kata20141222160532727336
urn:nbn:fi:fsd:T-FSD2252,urn:nbn:fi:csc-kata20141222160533941957
urn:nbn:fi:fsd:T-FSD2253,urn:nbn:fi:csc-kata20141222160535228422
urn:nbn:fi:fsd:T-FSD2254,urn:nbn:fi:csc-kata20141222160536905199
urn:nbn:fi:fsd:T-FSD2255,urn:nbn:fi:csc-kata20141222160538357938
urn:nbn:fi:fsd:T-FSD2256,urn:nbn:fi:csc-kata20161114133513913078
urn:nbn:fi:fsd:T-FSD2257,urn:nbn:fi:csc-kata20141222160541689255
urn:nbn:fi:fsd:T-FSD2258,urn:nbn:fi:csc-kata20141222160543505154
urn:nbn:fi:fsd:T-FSD2261,urn:nbn:fi:csc-kata20141222160545092893
urn:nbn:fi:fsd:T-FSD2262,urn:nbn:fi:csc-kata20141222160546705518
urn:nbn:fi:fsd:T-FSD2263,urn:nbn:fi:csc-kata20141222160548175761
urn:nbn:fi:fsd:T-FSD2264,urn:nbn:fi:csc-kata20141222160550799897
urn:nbn:fi:fsd:T-FSD2265,urn:nbn:fi:csc-kata20141222160553159680
urn:nbn:fi:fsd:T-FSD2266,urn:nbn:fi:csc-kata20141222160555244251
urn:nbn:fi:fsd:T-FSD2267,urn:nbn:fi:csc-kata20141222160556939691
urn:nbn:fi:fsd:T-FSD2268,urn:nbn:fi:csc-kata20141222160558800548
urn:nbn:fi:fsd:T-FSD2269,urn:nbn:fi:csc-kata20141222160603600251
urn:nbn:fi:fsd:T-FSD2270,urn:nbn:fi:csc-kata20141222160605783030
urn:nbn:fi:fsd:T-FSD2271,urn:nbn:fi:csc-kata20141222160607925562
urn:nbn:fi:fsd:T-FSD2272,urn:nbn:fi:csc-kata20141222160610198689
urn:nbn:fi:fsd:T-FSD2273,urn:nbn:fi:csc-kata20141222160612610431
urn:nbn:fi:fsd:T-FSD2274,urn:nbn:fi:csc-kata20141222160616925548
urn:nbn:fi:fsd:T-FSD2275,urn:nbn:fi:csc-kata20141222160618435592
urn:nbn:fi:fsd:T-FSD2276,urn:nbn:fi:csc-kata20141222160628945935
urn:nbn:fi:fsd:T-FSD2281,urn:nbn:fi:csc-kata20141222160631265267
urn:nbn:fi:fsd:T-FSD2282,urn:nbn:fi:csc-kata20141222160633199732
urn:nbn:fi:fsd:T-FSD2283,urn:nbn:fi:csc-kata20141222160637068902
urn:nbn:fi:fsd:T-FSD2285,urn:nbn:fi:csc-kata20141222160639149776
urn:nbn:fi:fsd:T-FSD2286,urn:nbn:fi:csc-kata20141222160641138441
urn:nbn:fi:fsd:T-FSD2288,urn:nbn:fi:csc-kata20141222160642446166
urn:nbn:fi:fsd:T-FSD2290,urn:nbn:fi:csc-kata20141222160644615226
urn:nbn:fi:fsd:T-FSD2291,urn:nbn:fi:csc-kata20141222160645691064
urn:nbn:fi:fsd:T-FSD2292,urn:nbn:fi:csc-kata20141222160647777153
urn:nbn:fi:fsd:T-FSD2293,urn:nbn:fi:csc-kata20141222160649786021
urn:nbn:fi:fsd:T-FSD2294,urn:nbn:fi:csc-kata20141222160651612893
urn:nbn:fi:fsd:T-FSD2295,urn:nbn:fi:csc-kata20141222160653729732
urn:nbn:fi:fsd:T-FSD2296,urn:nbn:fi:csc-kata20141222160655456490
urn:nbn:fi:fsd:T-FSD2297,urn:nbn:fi:csc-kata20141222160657216107
urn:nbn:fi:fsd:T-FSD2298,urn:nbn:fi:csc-kata20141222160658353449
urn:nbn:fi:fsd:T-FSD2299,urn:nbn:fi:csc-kata20141222160659980191
urn:nbn:fi:fsd:T-FSD2300,urn:nbn:fi:csc-kata20141222160701823268
urn:nbn:fi:fsd:T-FSD2301,urn:nbn:fi:csc-kata20141222160703572664
urn:nbn:fi:fsd:T-FSD2302,urn:nbn:fi:csc-kata20141222160705716457
urn:nbn:fi:fsd:T-FSD2303,urn:nbn:fi:csc-kata20141222160707848056
urn:nbn:fi:fsd:T-FSD2304,urn:nbn:fi:csc-kata20141222160709639767
urn:nbn:fi:fsd:T-FSD2305,urn:nbn:fi:csc-kata20141222160711087797
urn:nbn:fi:fsd:T-FSD2306,urn:nbn:fi:csc-kata20141222160712484868
urn:nbn:fi:fsd:T-FSD2307,urn:nbn:fi:csc-kata20141222160713856544
urn:nbn:fi:fsd:T-FSD2308,urn:nbn:fi:csc-kata20141222160715106285
urn:nbn:fi:fsd:T-FSD2309,urn:nbn:fi:csc-kata20141222160716489959
urn:nbn:fi:fsd:T-FSD2310,urn:nbn:fi:csc-kata20141222160718707727
urn:nbn:fi:fsd:T-FSD2316,urn:nbn:fi:csc-kata20141222160720508788
urn:nbn:fi:fsd:T-FSD2317,urn:nbn:fi:csc-kata20141222160721701551
urn:nbn:fi:fsd:T-FSD2318,urn:nbn:fi:csc-kata20141222160722846098
urn:nbn:fi:fsd:T-FSD2319,urn:nbn:fi:csc-kata20141222160724403730
urn:nbn:fi:fsd:T-FSD2320,urn:nbn:fi:csc-kata20141222160726441570
urn:nbn:fi:fsd:T-FSD2321,urn:nbn:fi:csc-kata20141222160727918777
urn:nbn:fi:fsd:T-FSD2322,urn:nbn:fi:csc-kata20141222160730210110
urn:nbn:fi:fsd:T-FSD2323,urn:nbn:fi:csc-kata20141222160731345809
urn:nbn:fi:fsd:T-FSD2325,urn:nbn:fi:csc-kata20141222160734641523
urn:nbn:fi:fsd:T-FSD2326,urn:nbn:fi:csc-kata20141222160737069861
urn:nbn:fi:fsd:T-FSD2327,urn:nbn:fi:csc-kata20141222160738320498
urn:nbn:fi:fsd:T-FSD2328,urn:nbn:fi:csc-kata20141222160739664229
urn:nbn:fi:fsd:T-FSD2329,urn:nbn:fi:csc-kata20141222160741419920
urn:nbn:fi:fsd:T-FSD2330,urn:nbn:fi:csc-kata20141222160743132258
urn:nbn:fi:fsd:T-FSD2331,urn:nbn:fi:csc-kata20141222160744810023
urn:nbn:fi:fsd:T-FSD2332,urn:nbn:fi:csc-kata20141222160747165907
urn:nbn:fi:fsd:T-FSD2333,urn:nbn:fi:csc-kata20141222160748301514
urn:nbn:fi:fsd:T-FSD2334,urn:nbn:fi:csc-kata20141222160749700732
urn:nbn:fi:fsd:T-FSD2335,urn:nbn:fi:csc-kata20141222160751493265
urn:nbn:fi:fsd:T-FSD2336,urn:nbn:fi:csc-kata20141222160753282160
urn:nbn:fi:fsd:T-FSD2337,urn:nbn:fi:csc-kata20141222160755012010
urn:nbn:fi:fsd:T-FSD2338,urn:nbn:fi:csc-kata20141222160756478383
urn:nbn:fi:fsd:T-FSD2339,urn:nbn:fi:csc-kata20141222160757923539
urn:nbn:fi:fsd:T-FSD2340,urn:nbn:fi:csc-kata20141222160759516732
urn:nbn:fi:fsd:T-FSD2341,urn:nbn:fi:csc-kata20141222160800935664
urn:nbn:fi:fsd:T-FSD2342,urn:nbn:fi:csc-kata20141222160803842124
urn:nbn:fi:fsd:T-FSD2343,urn:nbn:fi:csc-kata20141222160806308000
urn:nbn:fi:fsd:T-FSD2344,urn:nbn:fi:csc-kata20141222160808563388
urn:nbn:fi:fsd:T-FSD2345,urn:nbn:fi:csc-kata20141222160810012841
urn:nbn:fi:fsd:T-FSD2346,urn:nbn:fi:csc-kata20141222160812028334
urn:nbn:fi:fsd:T-FSD2347,urn:nbn:fi:csc-kata20141222160813360274
urn:nbn:fi:fsd:T-FSD2348,urn:nbn:fi:csc-kata20141222160815026328
urn:nbn:fi:fsd:T-FSD2349,urn:nbn:fi:csc-kata20141222160816300464
urn:nbn:fi:fsd:T-FSD2350,urn:nbn:fi:csc-kata20141222160818088162
urn:nbn:fi:fsd:T-FSD2351,urn:nbn:fi:csc-kata20141222160819972730
urn:nbn:fi:fsd:T-FSD2352,urn:nbn:fi:csc-kata20141222160821783731
urn:nbn:fi:fsd:T-FSD2353,urn:nbn:fi:csc-kata20141222160823263570
urn:nbn:fi:fsd:T-FSD2354,urn:nbn:fi:csc-kata20141222160824541589
urn:nbn:fi:fsd:T-FSD2355,urn:nbn:fi:csc-kata20141222160825673104
urn:nbn:fi:fsd:T-FSD2356,urn:nbn:fi:csc-kata20141222160827743118
urn:nbn:fi:fsd:T-FSD2357,urn:nbn:fi:csc-kata20141222160830045178
urn:nbn:fi:fsd:T-FSD2358,urn:nbn:fi:csc-kata20141222160831488948
urn:nbn:fi:fsd:T-FSD2359,urn:nbn:fi:csc-kata20141222160832826358
urn:nbn:fi:fsd:T-FSD2360,urn:nbn:fi:csc-kata20141222160834451169
urn:nbn:fi:fsd:T-FSD2361,urn:nbn:fi:csc-kata20141222160836829544
urn:nbn:fi:fsd:T-FSD2362,urn:nbn:fi:csc-kata20141222160839125682
urn:nbn:fi:fsd:T-FSD2363,urn:nbn:fi:csc-kata20141222160840583039
urn:nbn:fi:fsd:T-FSD2364,urn:nbn:fi:csc-kata20141222160841987581
urn:nbn:fi:fsd:T-FSD2365,urn:nbn:fi:csc-kata20141222160844089976
urn:nbn:fi:fsd:T-FSD2366,urn:nbn:fi:csc-kata20141222160845998953
urn:nbn:fi:fsd:T-FSD2367,urn:nbn:fi:csc-kata20141222160847415456
urn:nbn:fi:fsd:T-FSD2368,urn:nbn:fi:csc-kata20141222160848826363
urn:nbn:fi:fsd:T-FSD2369,urn:nbn:fi:csc-kata20141222160850349540
urn:nbn:fi:fsd:T-FSD2370,urn:nbn:fi:csc-kata20141222160852051438
urn:nbn:fi:fsd:T-FSD2371,urn:nbn:fi:csc-kata20141222160853198745
urn:nbn:fi:fsd:T-FSD2372,urn:nbn:fi:csc-kata20141222160854800044
urn:nbn:fi:fsd:T-FSD2373,urn:nbn:fi:csc-kata20141222160855869403
urn:nbn:fi:fsd:T-FSD2374,urn:nbn:fi:csc-kata20141222160858072472
urn:nbn:fi:fsd:T-FSD2376,urn:nbn:fi:csc-kata20141222160859992377
urn:nbn:fi:fsd:T-FSD2377,urn:nbn:fi:csc-kata20141222160902003434
urn:nbn:fi:fsd:T-FSD2378,urn:nbn:fi:csc-kata20141222160903377969
urn:nbn:fi:fsd:T-FSD2379,urn:nbn:fi:csc-kata20141222160905952557
urn:nbn:fi:fsd:T-FSD2380,urn:nbn:fi:csc-kata20141222160907884684
urn:nbn:fi:fsd:T-FSD2381,urn:nbn:fi:csc-kata20141222160909062812
urn:nbn:fi:fsd:T-FSD2382,urn:nbn:fi:csc-kata20141222160912387456
urn:nbn:fi:fsd:T-FSD2383,urn:nbn:fi:csc-kata20141222160913522126
urn:nbn:fi:fsd:T-FSD2384,urn:nbn:fi:csc-kata20141222160917325379
urn:nbn:fi:fsd:T-FSD2385,urn:nbn:fi:csc-kata20141222160920093268
urn:nbn:fi:fsd:T-FSD2386,urn:nbn:fi:csc-kata20141222160922321697
urn:nbn:fi:fsd:T-FSD2387,urn:nbn:fi:csc-kata20141222160923564538
urn:nbn:fi:fsd:T-FSD2388,urn:nbn:fi:csc-kata20141222160924866371
urn:nbn:fi:fsd:T-FSD2390,urn:nbn:fi:csc-kata20141222160926996537
urn:nbn:fi:fsd:T-FSD2391,urn:nbn:fi:csc-kata20141222160928504819
urn:nbn:fi:fsd:T-FSD2392,urn:nbn:fi:csc-kata20141222160931060774
urn:nbn:fi:fsd:T-FSD2393,urn:nbn:fi:csc-kata20141222160933004123
urn:nbn:fi:fsd:T-FSD2394,urn:nbn:fi:csc-kata20141222160934126950
urn:nbn:fi:fsd:T-FSD2395,urn:nbn:fi:csc-kata20141222160935434396
urn:nbn:fi:fsd:T-FSD2398,urn:nbn:fi:csc-kata20141222160948823188
urn:nbn:fi:fsd:T-FSD2403,urn:nbn:fi:csc-kata20141222160951232321
urn:nbn:fi:fsd:T-FSD2404,urn:nbn:fi:csc-kata20141222160953592958
urn:nbn:fi:fsd:T-FSD2405,urn:nbn:fi:csc-kata20141222160955068425
urn:nbn:fi:fsd:T-FSD2406,urn:nbn:fi:csc-kata20141222160957891399
urn:nbn:fi:fsd:T-FSD2407,urn:nbn:fi:csc-kata20141222160959068806
urn:nbn:fi:fsd:T-FSD2408,urn:nbn:fi:csc-kata20141222161001326647
urn:nbn:fi:fsd:T-FSD2409,urn:nbn:fi:csc-kata20141222161002450196
urn:nbn:fi:fsd:T-FSD2410,urn:nbn:fi:csc-kata20141222161004120303
urn:nbn:fi:fsd:T-FSD2411,urn:nbn:fi:csc-kata20141222161005737164
urn:nbn:fi:fsd:T-FSD2412,urn:nbn:fi:csc-kata20141222161007107777
urn:nbn:fi:fsd:T-FSD2413,urn:nbn:fi:csc-kata20141222161008111437
urn:nbn:fi:fsd:T-FSD2414,urn:nbn:fi:csc-kata20141222161009409181
urn:nbn:fi:fsd:T-FSD2415,urn:nbn:fi:csc-kata20141222161010621223
urn:nbn:fi:fsd:T-FSD2416,urn:nbn:fi:csc-kata20141222161014087431
urn:nbn:fi:fsd:T-FSD2417,urn:nbn:fi:csc-kata20141222161015334977
urn:nbn:fi:fsd:T-FSD2418,urn:nbn:fi:csc-kata20141222161016877779
urn:nbn:fi:fsd:T-FSD2419,urn:nbn:fi:csc-kata20141222161019551637
urn:nbn:fi:fsd:T-FSD2420,urn:nbn:fi:csc-kata20141222161020777763
urn:nbn:fi:fsd:T-FSD2422,urn:nbn:fi:csc-kata20141222161022178661
urn:nbn:fi:fsd:T-FSD2423,urn:nbn:fi:csc-kata20141222161023757501
urn:nbn:fi:fsd:T-FSD2424,urn:nbn:fi:csc-kata20141222161025322126
urn:nbn:fi:fsd:T-FSD2425,urn:nbn:fi:csc-kata20141222161026792749
urn:nbn:fi:fsd:T-FSD2426,urn:nbn:fi:csc-kata20141222161028266662
urn:nbn:fi:fsd:T-FSD2427,urn:nbn:fi:csc-kata20141222161029664336
urn:nbn:fi:fsd:T-FSD2428,urn:nbn:fi:csc-kata20141222161031231560
urn:nbn:fi:fsd:T-FSD2430,urn:nbn:fi:csc-kata20141222161032972007
urn:nbn:fi:fsd:T-FSD2431,urn:nbn:fi:csc-kata20141222161034231101
urn:nbn:fi:fsd:T-FSD2432,urn:nbn:fi:csc-kata20141222161035350860
urn:nbn:fi:fsd:T-FSD2433,urn:nbn:fi:csc-kata20141222161037530652
urn:nbn:fi:fsd:T-FSD2437,urn:nbn:fi:csc-kata20141222161039355588
urn:nbn:fi:fsd:T-FSD2438,urn:nbn:fi:csc-kata20141222161040671166
urn:nbn:fi:fsd:T-FSD2439,urn:nbn:fi:csc-kata20141222161042548758
urn:nbn:fi:fsd:T-FSD2440,urn:nbn:fi:csc-kata20141222161044089110
urn:nbn:fi:fsd:T-FSD2441,urn:nbn:fi:csc-kata20141222161045866368
urn:nbn:fi:fsd:T-FSD2457,urn:nbn:fi:csc-kata20141222161047638811
urn:nbn:fi:fsd:T-FSD2458,urn:nbn:fi:csc-kata20141222161049503922
urn:nbn:fi:fsd:T-FSD2459,urn:nbn:fi:csc-kata20141222161051930870
urn:nbn:fi:fsd:T-FSD2460,urn:nbn:fi:csc-kata20141222161054383664
urn:nbn:fi:fsd:T-FSD2461,urn:nbn:fi:csc-kata20141222161055612196
urn:nbn:fi:fsd:T-FSD2463,urn:nbn:fi:csc-kata20141222161058862957
urn:nbn:fi:fsd:T-FSD2464,urn:nbn:fi:csc-kata20141222161101659458
urn:nbn:fi:fsd:T-FSD2465,urn:nbn:fi:csc-kata20141222161103832550
urn:nbn:fi:fsd:T-FSD2467,urn:nbn:fi:csc-kata20141222161106031355
urn:nbn:fi:fsd:T-FSD2468,urn:nbn:fi:csc-kata20141222161107940782
urn:nbn:fi:fsd:T-FSD2469,urn:nbn:fi:csc-kata20141222161109485779
urn:nbn:fi:fsd:T-FSD2470,urn:nbn:fi:csc-kata20141222161111554664
urn:nbn:fi:fsd:T-FSD2471,urn:nbn:fi:csc-kata20141222161112822560
urn:nbn:fi:fsd:T-FSD2472,urn:nbn:fi:csc-kata20141222161115154891
urn:nbn:fi:fsd:T-FSD2473,urn:nbn:fi:csc-kata20141222161117798247
urn:nbn:fi:fsd:T-FSD2474,urn:nbn:fi:csc-kata20141222161120252503
urn:nbn:fi:fsd:T-FSD2475,urn:nbn:fi:csc-kata20141222161121619306
urn:nbn:fi:fsd:T-FSD2478,urn:nbn:fi:csc-kata20141222161123649854
urn:nbn:fi:fsd:T-FSD2479,urn:nbn:fi:csc-kata20141222161125857782
urn:nbn:fi:fsd:T-FSD2480,urn:nbn:fi:csc-kata20141222161128346371
urn:nbn:fi:fsd:T-FSD2481,urn:nbn:fi:csc-kata20141222161131070456
urn:nbn:fi:fsd:T-FSD2482,urn:nbn:fi:csc-kata20141222161133508388
urn:nbn:fi:fsd:T-FSD2483,urn:nbn:fi:csc-kata20141222161135538682
urn:nbn:fi:fsd:T-FSD2484,urn:nbn:fi:csc-kata20141222161138134489
urn:nbn:fi:fsd:T-FSD2485,urn:nbn:fi:csc-kata20141222161139239966
urn:nbn:fi:fsd:T-FSD2486,urn:nbn:fi:csc-kata20141222161140609474
urn:nbn:fi:fsd:T-FSD2487,urn:nbn:fi:csc-kata20141222161142436595
urn:nbn:fi:fsd:T-FSD2488,urn:nbn:fi:csc-kata20141222161143849583
urn:nbn:fi:fsd:T-FSD2489,urn:nbn:fi:csc-kata20141222161145156840
urn:nbn:fi:fsd:T-FSD2490,urn:nbn:fi:csc-kata20141222161146541153
urn:nbn:fi:fsd:T-FSD2491,urn:nbn:fi:csc-kata20141222161148356379
urn:nbn:fi:fsd:T-FSD2492,urn:nbn:fi:csc-kata20141222161150075308
urn:nbn:fi:fsd:T-FSD2493,urn:nbn:fi:csc-kata20141222161151908980
urn:nbn:fi:fsd:T-FSD2494,urn:nbn:fi:csc-kata20141222161153283459
urn:nbn:fi:fsd:T-FSD2495,urn:nbn:fi:csc-kata20141222161154797735
urn:nbn:fi:fsd:T-FSD2496,urn:nbn:fi:csc-kata20141222161156330052
urn:nbn:fi:fsd:T-FSD2497,urn:nbn:fi:csc-kata20141222161157994078
urn:nbn:fi:fsd:T-FSD2498,urn:nbn:fi:csc-kata20141222161159346010
urn:nbn:fi:fsd:T-FSD2499,urn:nbn:fi:csc-kata20141222161201351253
urn:nbn:fi:fsd:T-FSD2501,urn:nbn:fi:csc-kata20141222161202748393
urn:nbn:fi:fsd:T-FSD2502,urn:nbn:fi:csc-kata20141222161204706993
urn:nbn:fi:fsd:T-FSD2503,urn:nbn:fi:csc-kata20141222161206319258
urn:nbn:fi:fsd:T-FSD2504,urn:nbn:fi:csc-kata20141222161208052991
urn:nbn:fi:fsd:T-FSD2505,urn:nbn:fi:csc-kata20141222161209354028
urn:nbn:fi:fsd:T-FSD2506,urn:nbn:fi:csc-kata20141222161210879844
urn:nbn:fi:fsd:T-FSD2507,urn:nbn:fi:csc-kata20141222161212505930
urn:nbn:fi:fsd:T-FSD2508,urn:nbn:fi:csc-kata20141222161214190097
urn:nbn:fi:fsd:T-FSD2510,urn:nbn:fi:csc-kata20141222161216008719
urn:nbn:fi:fsd:T-FSD2511,urn:nbn:fi:csc-kata20141222161217196068
urn:nbn:fi:fsd:T-FSD2512,urn:nbn:fi:csc-kata20141222161218438667
urn:nbn:fi:fsd:T-FSD2513,urn:nbn:fi:csc-kata20141222161220021846
urn:nbn:fi:fsd:T-FSD2514,urn:nbn:fi:csc-kata20141222161222179303
urn:nbn:fi:fsd:T-FSD2515,urn:nbn:fi:csc-kata20141222161223514822
urn:nbn:fi:fsd:T-FSD2516,urn:nbn:fi:csc-kata20141222161225453846
urn:nbn:fi:fsd:T-FSD2517,urn:nbn:fi:csc-kata20141222161226641838
urn:nbn:fi:fsd:T-FSD2518,urn:nbn:fi:csc-kata20141222161227841642
urn:nbn:fi:fsd:T-FSD2519,urn:nbn:fi:csc-kata20141222161229616542
urn:nbn:fi:fsd:T-FSD2520,urn:nbn:fi:csc-kata20141222161230831117
urn:nbn:fi:fsd:T-FSD2521,urn:nbn:fi:csc-kata20141222161232490157
urn:nbn:fi:fsd:T-FSD2522,urn:nbn:fi:csc-kata20141222161233858125
urn:nbn:fi:fsd:T-FSD2523,urn:nbn:fi:csc-kata20141222161235737133
urn:nbn:fi:fsd:T-FSD2524,urn:nbn:fi:csc-kata20141222161237625868
urn:nbn:fi:fsd:T-FSD2525,urn:nbn:fi:csc-kata20141222161239622968
urn:nbn:fi:fsd:T-FSD2526,urn:nbn:fi:csc-kata20141222161241143518
urn:nbn:fi:fsd:T-FSD2527,urn:nbn:fi:csc-kata20141222161242841450
urn:nbn:fi:fsd:T-FSD2528,urn:nbn:fi:csc-kata20141222161244186931
urn:nbn:fi:fsd:T-FSD2529,urn:nbn:fi:csc-kata20141222161245627224
urn:nbn:fi:fsd:T-FSD2530,urn:nbn:fi:csc-kata20141222161246956569
urn:nbn:fi:fsd:T-FSD2531,urn:nbn:fi:csc-kata20141222161249182861
urn:nbn:fi:fsd:T-FSD2533,urn:nbn:fi:csc-kata20141222161251348008
urn:nbn:fi:fsd:T-FSD2534,urn:nbn:fi:csc-kata20141222161253508977
urn:nbn:fi:fsd:T-FSD2535,urn:nbn:fi:csc-kata20141222161254834902
urn:nbn:fi:fsd:T-FSD2536,urn:nbn:fi:csc-kata20141222161256710185
urn:nbn:fi:fsd:T-FSD2537,urn:nbn:fi:csc-kata20141222161258249157
urn:nbn:fi:fsd:T-FSD2538,urn:nbn:fi:csc-kata20141222161259778422
urn:nbn:fi:fsd:T-FSD2539,urn:nbn:fi:csc-kata20141222161302027317
urn:nbn:fi:fsd:T-FSD2540,urn:nbn:fi:csc-kata20141222161303751537
urn:nbn:fi:fsd:T-FSD2541,urn:nbn:fi:csc-kata20141222161305135360
urn:nbn:fi:fsd:T-FSD2542,urn:nbn:fi:csc-kata20141222161306469910
urn:nbn:fi:fsd:T-FSD2543,urn:nbn:fi:csc-kata20141222161308435388
urn:nbn:fi:fsd:T-FSD2545,urn:nbn:fi:csc-kata20141222161309848707
urn:nbn:fi:fsd:T-FSD2546,urn:nbn:fi:csc-kata20141222161311908926
urn:nbn:fi:fsd:T-FSD2547,urn:nbn:fi:csc-kata20141222161313361278
urn:nbn:fi:fsd:T-FSD2548,urn:nbn:fi:csc-kata20141222161316564866
urn:nbn:fi:fsd:T-FSD2549,urn:nbn:fi:csc-kata20141222161317844721
urn:nbn:fi:fsd:T-FSD2550,urn:nbn:fi:csc-kata20141222161320083821
urn:nbn:fi:fsd:T-FSD2551,urn:nbn:fi:csc-kata20141222161321399507
urn:nbn:fi:fsd:T-FSD2552,urn:nbn:fi:csc-kata20141222161323292031
urn:nbn:fi:fsd:T-FSD2553,urn:nbn:fi:csc-kata20141222161324969980
urn:nbn:fi:fsd:T-FSD2554,urn:nbn:fi:csc-kata20141222161326352086
urn:nbn:fi:fsd:T-FSD2555,urn:nbn:fi:csc-kata20141222161329866567
urn:nbn:fi:fsd:T-FSD2556,urn:nbn:fi:csc-kata20171222040132465844
urn:nbn:fi:fsd:T-FSD2557,urn:nbn:fi:csc-kata20141222161331354006
urn:nbn:fi:fsd:T-FSD2558,urn:nbn:fi:csc-kata20141222161333110214
urn:nbn:fi:fsd:T-FSD2559,urn:nbn:fi:csc-kata20141222161334797335
urn:nbn:fi:fsd:T-FSD2560,urn:nbn:fi:csc-kata20141222161336568078
urn:nbn:fi:fsd:T-FSD2564,urn:nbn:fi:csc-kata20141222161338785635
urn:nbn:fi:fsd:T-FSD2565,urn:nbn:fi:csc-kata20141222161340788436
urn:nbn:fi:fsd:T-FSD2566,urn:nbn:fi:csc-kata20141222161341967063
urn:nbn:fi:fsd:T-FSD2568,urn:nbn:fi:csc-kata20141222161343272080
urn:nbn:fi:fsd:T-FSD2569,urn:nbn:fi:csc-kata20141222161345215641
urn:nbn:fi:fsd:T-FSD2570,urn:nbn:fi:csc-kata20141222161346969330
urn:nbn:fi:fsd:T-FSD2571,urn:nbn:fi:csc-kata20141222161349120353
urn:nbn:fi:fsd:T-FSD2572,urn:nbn:fi:csc-kata20141222161351061134
urn:nbn:fi:fsd:T-FSD2573,urn:nbn:fi:csc-kata20141222161353072258
urn:nbn:fi:fsd:T-FSD2574,urn:nbn:fi:csc-kata20141222161355144049
urn:nbn:fi:fsd:T-FSD2575,urn:nbn:fi:csc-kata20141222161356492435
urn:nbn:fi:fsd:T-FSD2576,urn:nbn:fi:csc-kata20141222161357909379
urn:nbn:fi:fsd:T-FSD2577,urn:nbn:fi:csc-kata20141222161359362781
urn:nbn:fi:fsd:T-FSD2578,urn:nbn:fi:csc-kata20141222161400942800
urn:nbn:fi:fsd:T-FSD2579,urn:nbn:fi:csc-kata20141222161402443502
urn:nbn:fi:fsd:T-FSD2580,urn:nbn:fi:csc-kata20141222161404855333
urn:nbn:fi:fsd:T-FSD2584,urn:nbn:fi:csc-kata20141222161407170624
urn:nbn:fi:fsd:T-FSD2585,urn:nbn:fi:csc-kata20141222161408860192
urn:nbn:fi:fsd:T-FSD2586,urn:nbn:fi:csc-kata20141222161410354752
urn:nbn:fi:fsd:T-FSD2587,urn:nbn:fi:csc-kata20141222161412609748
urn:nbn:fi:fsd:T-FSD2588,urn:nbn:fi:csc-kata20141222161414028519
urn:nbn:fi:fsd:T-FSD2589,urn:nbn:fi:csc-kata20141222161416042837
urn:nbn:fi:fsd:T-FSD2590,urn:nbn:fi:csc-kata20141222161417823706
urn:nbn:fi:fsd:T-FSD2591,urn:nbn:fi:csc-kata20141222161419631746
urn:nbn:fi:fsd:T-FSD2592,urn:nbn:fi:csc-kata20141222161421469315
urn:nbn:fi:fsd:T-FSD2593,urn:nbn:fi:csc-kata20141222161423224299
urn:nbn:fi:fsd:T-FSD2594,urn:nbn:fi:csc-kata20141222161424377913
urn:nbn:fi:fsd:T-FSD2605,urn:nbn:fi:csc-kata20141222161425664638
urn:nbn:fi:fsd:T-FSD2606,urn:nbn:fi:csc-kata20141222161427772946
urn:nbn:fi:fsd:T-FSD2607,urn:nbn:fi:csc-kata20141222161428842241
urn:nbn:fi:fsd:T-FSD2608,urn:nbn:fi:csc-kata20141222161431972622
urn:nbn:fi:fsd:T-FSD2609,urn:nbn:fi:csc-kata20141222161434141315
urn:nbn:fi:fsd:T-FSD2610,urn:nbn:fi:csc-kata20141222161435514289
urn:nbn:fi:fsd:T-FSD2613,urn:nbn:fi:csc-kata20141222161440620426
urn:nbn:fi:fsd:T-FSD2614,urn:nbn:fi:csc-kata20141222161442222564
urn:nbn:fi:fsd:T-FSD2615,urn:nbn:fi:csc-kata20141222161443607396
urn:nbn:fi:fsd:T-FSD2616,urn:nbn:fi:csc-kata20141222161445546873
urn:nbn:fi:fsd:T-FSD2617,urn:nbn:fi:csc-kata20141222161446817437
urn:nbn:fi:fsd:T-FSD2618,urn:nbn:fi:csc-kata20141222161448442593
urn:nbn:fi:fsd:T-FSD2619,urn:nbn:fi:csc-kata20141222161449922055
urn:nbn:fi:fsd:T-FSD2620,urn:nbn:fi:csc-kata20141222161451491538
urn:nbn:fi:fsd:T-FSD2621,urn:nbn:fi:csc-kata20141222161453265312
urn:nbn:fi:fsd:T-FSD2623,urn:nbn:fi:csc-kata20141222161458164081
urn:nbn:fi:fsd:T-FSD2624,urn:nbn:fi:csc-kata20141222161459951940
urn:nbn:fi:fsd:T-FSD2625,urn:nbn:fi:csc-kata20141222161501205913
urn:nbn:fi:fsd:T-FSD2626,urn:nbn:fi:csc-kata20141222161502720373
urn:nbn:fi:fsd:T-FSD2627,urn:nbn:fi:csc-kata20141222161503879162
urn:nbn:fi:fsd:T-FSD2628,urn:nbn:fi:csc-kata20141222161505637518
urn:nbn:fi:fsd:T-FSD2629,urn:nbn:fi:csc-kata20141222161507581600
urn:nbn:fi:fsd:T-FSD2630,urn:nbn:fi:csc-kata20141222161509744725
urn:nbn:fi:fsd:T-FSD2632,urn:nbn:fi:csc-kata20141222161515530385
urn:nbn:fi:fsd:T-FSD2633,urn:nbn:fi:csc-kata20160521040128678331
urn:nbn:fi:fsd:T-FSD2634,urn:nbn:fi:csc-kata20141222161516698053
urn:nbn:fi:fsd:T-FSD2635,urn:nbn:fi:csc-kata20141222161518089853
urn:nbn:fi:fsd:T-FSD2636,urn:nbn:fi:csc-kata20141222161519167431
urn:nbn:fi:fsd:T-FSD2637,urn:nbn:fi:csc-kata20141222161520223413
urn:nbn:fi:fsd:T-FSD2638,urn:nbn:fi:csc-kata20141222161522797778
urn:nbn:fi:fsd:T-FSD2639,urn:nbn:fi:csc-kata20141222161524263457
urn:nbn:fi:fsd:T-FSD2640,urn:nbn:fi:csc-kata20141222161525850806
urn:nbn:fi:fsd:T-FSD2641,urn:nbn:fi:csc-kata20141222161527740729
urn:nbn:fi:fsd:T-FSD2642,urn:nbn:fi:csc-kata20141222161530071556
urn:nbn:fi:fsd:T-FSD2643,urn:nbn:fi:csc-kata20141222161532013296
urn:nbn:fi:fsd:T-FSD2644,urn:nbn:fi:csc-kata20141222161534162739
urn:nbn:fi:fsd:T-FSD2645,urn:nbn:fi:csc-kata20141222161536462873
urn:nbn:fi:fsd:T-FSD2646,urn:nbn:fi:csc-kata20141222161538129862
urn:nbn:fi:fsd:T-FSD2647,urn:nbn:fi:csc-kata20141222161540062787
urn:nbn:fi:fsd:T-FSD2648,urn:nbn:fi:csc-kata20141222161541735344
urn:nbn:fi:fsd:T-FSD2649,urn:nbn:fi:csc-kata20141222161543731461
urn:nbn:fi:fsd:T-FSD2650,urn:nbn:fi:csc-kata20141222161545298277
urn:nbn:fi:fsd:T-FSD2651,urn:nbn:fi:csc-kata20141222161546770168
urn:nbn:fi:fsd:T-FSD2652,urn:nbn:fi:csc-kata20141222161548293859
urn:nbn:fi:fsd:T-FSD2653,urn:nbn:fi:csc-kata20141222161551430637
urn:nbn:fi:fsd:T-FSD2654,urn:nbn:fi:csc-kata20141222161553151203
urn:nbn:fi:fsd:T-FSD2655,urn:nbn:fi:csc-kata20141222161554702346
urn:nbn:fi:fsd:T-FSD2656,urn:nbn:fi:csc-kata20141222161556630190
urn:nbn:fi:fsd:T-FSD2657,urn:nbn:fi:csc-kata20141222161558217084
urn:nbn:fi:fsd:T-FSD2658,urn:nbn:fi:csc-kata20141222161600100666
urn:nbn:fi:fsd:T-FSD2659,urn:nbn:fi:csc-kata20141222161601726034
urn:nbn:fi:fsd:T-FSD2660,urn:nbn:fi:csc-kata20141222161603734192
urn:nbn:fi:fsd:T-FSD2661,urn:nbn:fi:csc-kata20141222161606304946
urn:nbn:fi:fsd:T-FSD2662,urn:nbn:fi:csc-kata20141222161607919412
urn:nbn:fi:fsd:T-FSD2663,urn:nbn:fi:csc-kata20141222161610008452
urn:nbn:fi:fsd:T-FSD2664,urn:nbn:fi:csc-kata20141222161611812853
urn:nbn:fi:fsd:T-FSD2665,urn:nbn:fi:csc-kata20141222161613358323
urn:nbn:fi:fsd:T-FSD2666,urn:nbn:fi:csc-kata20141222161615629898
urn:nbn:fi:fsd:T-FSD2667,urn:nbn:fi:csc-kata20141222161618042878
urn:nbn:fi:fsd:T-FSD2668,urn:nbn:fi:csc-kata20141222161619757945
urn:nbn:fi:fsd:T-FSD2672,urn:nbn:fi:csc-kata20141222161621571480
urn:nbn:fi:fsd:T-FSD2673,urn:nbn:fi:csc-kata20141222161623698788
urn:nbn:fi:fsd:T-FSD2674,urn:nbn:fi:csc-kata20141222161625433436
urn:nbn:fi:fsd:T-FSD2675,urn:nbn:fi:csc-kata20141222161627209160
urn:nbn:fi:fsd:T-FSD2676,urn:nbn:fi:csc-kata20150708040127267451
urn:nbn:fi:fsd:T-FSD2677,urn:nbn:fi:csc-kata20141222161629280225
urn:nbn:fi:fsd:T-FSD2678,urn:nbn:fi:csc-kata20141222161630725670
urn:nbn:fi:fsd:T-FSD2679,urn:nbn:fi:csc-kata20141222161631903328
urn:nbn:fi:fsd:T-FSD2680,urn:nbn:fi:csc-kata20141222161633408770
urn:nbn:fi:fsd:T-FSD2681,urn:nbn:fi:csc-kata20141222161635650522
urn:nbn:fi:fsd:T-FSD2682,urn:nbn:fi:csc-kata20141222161638549287
urn:nbn:fi:fsd:T-FSD2683,urn:nbn:fi:csc-kata20141222161640418908
urn:nbn:fi:fsd:T-FSD2687,urn:nbn:fi:csc-kata20141222161642035206
urn:nbn:fi:fsd:T-FSD2688,urn:nbn:fi:csc-kata20141222161643225156
urn:nbn:fi:fsd:T-FSD2689,urn:nbn:fi:csc-kata20141222161644346816
urn:nbn:fi:fsd:T-FSD2690,urn:nbn:fi:csc-kata20141222161645652138
urn:nbn:fi:fsd:T-FSD2691,urn:nbn:fi:csc-kata20141222161646758716
urn:nbn:fi:fsd:T-FSD2692,urn:nbn:fi:csc-kata20141222161648150379
urn:nbn:fi:fsd:T-FSD2693,urn:nbn:fi:csc-kata20141222161649321184
urn:nbn:fi:fsd:T-FSD2694,urn:nbn:fi:csc-kata20141222161650718976
urn:nbn:fi:fsd:T-FSD2695,urn:nbn:fi:csc-kata20141222161652955461
urn:nbn:fi:fsd:T-FSD2696,urn:nbn:fi:csc-kata20141222161654975799
urn:nbn:fi:fsd:T-FSD2697,urn:nbn:fi:csc-kata20141222161657732488
urn:nbn:fi:fsd:T-FSD2698,urn:nbn:fi:csc-kata20141222161700029241
urn:nbn:fi:fsd:T-FSD2699,urn:nbn:fi:csc-kata20141222161702466714
urn:nbn:fi:fsd:T-FSD2701,urn:nbn:fi:csc-kata20141222161704002564
urn:nbn:fi:fsd:T-FSD2702,urn:nbn:fi:csc-kata20141222161705504062
urn:nbn:fi:fsd:T-FSD2703,urn:nbn:fi:csc-kata20141222161707499800
urn:nbn:fi:fsd:T-FSD2707,urn:nbn:fi:csc-kata20141222161709867248
urn:nbn:fi:fsd:T-FSD2708,urn:nbn:fi:csc-kata20141222161712658216
urn:nbn:fi:fsd:T-FSD2709,urn:nbn:fi:csc-kata20150904040235653502
urn:nbn:fi:fsd:T-FSD2710,urn:nbn:fi:csc-kata20141222161714916670
urn:nbn:fi:fsd:T-FSD2711,urn:nbn:fi:csc-kata20141222161716254339
urn:nbn:fi:fsd:T-FSD2712,urn:nbn:fi:csc-kata20141222161717509000
urn:nbn:fi:fsd:T-FSD2713,urn:nbn:fi:csc-kata20141222161718572115
urn:nbn:fi:fsd:T-FSD2714,urn:nbn:fi:csc-kata20141222161720413702
urn:nbn:fi:fsd:T-FSD2715,urn:nbn:fi:csc-kata20141222161721731475
urn:nbn:fi:fsd:T-FSD2716,urn:nbn:fi:csc-kata20141222161723056285
urn:nbn:fi:fsd:T-FSD2717,urn:nbn:fi:csc-kata20141222161724369284
urn:nbn:fi:fsd:T-FSD2718,urn:nbn:fi:csc-kata20141222161726121173
urn:nbn:fi:fsd:T-FSD2719,urn:nbn:fi:csc-kata20141222161729066838
urn:nbn:fi:fsd:T-FSD2720,urn:nbn:fi:csc-kata20141222161730854710
urn:nbn:fi:fsd:T-FSD2721,urn:nbn:fi:csc-kata20141222161732426228
urn:nbn:fi:fsd:T-FSD2722,urn:nbn:fi:csc-kata20141222161734334344
urn:nbn:fi:fsd:T-FSD2723,urn:nbn:fi:csc-kata20141222161735573219
urn:nbn:fi:fsd:T-FSD2724,urn:nbn:fi:csc-kata20141222161736858852
urn:nbn:fi:fsd:T-FSD2726,urn:nbn:fi:csc-kata20141222161738218528
urn:nbn:fi:fsd:T-FSD2727,urn:nbn:fi:csc-kata20141222161739336212
urn:nbn:fi:fsd:T-FSD2728,urn:nbn:fi:csc-kata20141222161740603154
urn:nbn:fi:fsd:T-FSD2729,urn:nbn:fi:csc-kata20141222161743628294
urn:nbn:fi:fsd:T-FSD2730,urn:nbn:fi:csc-kata20141222161745591639
urn:nbn:fi:fsd:T-FSD2731,urn:nbn:fi:csc-kata20141222161747630434
urn:nbn:fi:fsd:T-FSD2732,urn:nbn:fi:csc-kata20141222161749174518
urn:nbn:fi:fsd:T-FSD2733,urn:nbn:fi:csc-kata20141222161750931874
urn:nbn:fi:fsd:T-FSD2735,urn:nbn:fi:csc-kata20141222161752165508
urn:nbn:fi:fsd:T-FSD2736,urn:nbn:fi:csc-kata20141222161753392952
urn:nbn:fi:fsd:T-FSD2737,urn:nbn:fi:csc-kata20141222161755003773
urn:nbn:fi:fsd:T-FSD2739,urn:nbn:fi:csc-kata20141222161756063443
urn:nbn:fi:fsd:T-FSD2740,urn:nbn:fi:csc-kata20141222161757553512
urn:nbn:fi:fsd:T-FSD2741,urn:nbn:fi:csc-kata20141222161759622286
urn:nbn:fi:fsd:T-FSD2742,urn:nbn:fi:csc-kata20141222161801281243
urn:nbn:fi:fsd:T-FSD2743,urn:nbn:fi:csc-kata20141222161802886338
urn:nbn:fi:fsd:T-FSD2744,urn:nbn:fi:csc-kata20141222161804443015
urn:nbn:fi:fsd:T-FSD2745,urn:nbn:fi:csc-kata20141222161806338589
urn:nbn:fi:fsd:T-FSD2746,urn:nbn:fi:csc-kata20141222161808288284
urn:nbn:fi:fsd:T-FSD2747,urn:nbn:fi:csc-kata20141222161809813240
urn:nbn:fi:fsd:T-FSD2748,urn:nbn:fi:csc-kata20141222161811529420
urn:nbn:fi:fsd:T-FSD2749,urn:nbn:fi:csc-kata20141222161813633455
urn:nbn:fi:fsd:T-FSD2750,urn:nbn:fi:csc-kata20141222161815213179
urn:nbn:fi:fsd:T-FSD2751,urn:nbn:fi:csc-kata20141222161816863714
urn:nbn:fi:fsd:T-FSD2752,urn:nbn:fi:csc-kata20141222161818473890
urn:nbn:fi:fsd:T-FSD2753,urn:nbn:fi:csc-kata20141222161820035107
urn:nbn:fi:fsd:T-FSD2754,urn:nbn:fi:csc-kata20141222161821753603
urn:nbn:fi:fsd:T-FSD2755,urn:nbn:fi:csc-kata20141222161823485392
urn:nbn:fi:fsd:T-FSD2756,urn:nbn:fi:csc-kata20141222161825566758
urn:nbn:fi:fsd:T-FSD2757,urn:nbn:fi:csc-kata20141222161826892053
urn:nbn:fi:fsd:T-FSD2758,urn:nbn:fi:csc-kata20141222161828925877
urn:nbn:fi:fsd:T-FSD2759,urn:nbn:fi:csc-kata20141222161830011563
urn:nbn:fi:fsd:T-FSD2760,urn:nbn:fi:csc-kata20141222161832782001
urn:nbn:fi:fsd:T-FSD2761,urn:nbn:fi:csc-kata20141222161835151550
urn:nbn:fi:fsd:T-FSD2762,urn:nbn:fi:csc-kata20141222161836859541
urn:nbn:fi:fsd:T-FSD2763,urn:nbn:fi:csc-kata20141222161838698001
urn:nbn:fi:fsd:T-FSD2764,urn:nbn:fi:csc-kata20141222161840078897
urn:nbn:fi:fsd:T-FSD2765,urn:nbn:fi:csc-kata20141222161841568925
urn:nbn:fi:fsd:T-FSD2766,urn:nbn:fi:csc-kata20141222161843004451
urn:nbn:fi:fsd:T-FSD2767,urn:nbn:fi:csc-kata20141222161844161795
urn:nbn:fi:fsd:T-FSD2768,urn:nbn:fi:csc-kata20141222161845311815
urn:nbn:fi:fsd:T-FSD2769,urn:nbn:fi:csc-kata20141222161846922922
urn:nbn:fi:fsd:T-FSD2770,urn:nbn:fi:csc-kata20141222161848121937
urn:nbn:fi:fsd:T-FSD2771,urn:nbn:fi:csc-kata20141222161849778927
urn:nbn:fi:fsd:T-FSD2772,urn:nbn:fi:csc-kata20141222161851212309
urn:nbn:fi:fsd:T-FSD2773,urn:nbn:fi:csc-kata20141222161852763785
urn:nbn:fi:fsd:T-FSD2774,urn:nbn:fi:csc-kata20141222161854442196
urn:nbn:fi:fsd:T-FSD2775,urn:nbn:fi:csc-kata20141222161855873694
urn:nbn:fi:fsd:T-FSD2776,urn:nbn:fi:csc-kata20150702040140057190
urn:nbn:fi:fsd:T-FSD2777,urn:nbn:fi:csc-kata20141222161858337513
urn:nbn:fi:fsd:T-FSD2779,urn:nbn:fi:csc-kata20141222161859784512
urn:nbn:fi:fsd:T-FSD2780,urn:nbn:fi:csc-kata20141222161900981148
urn:nbn:fi:fsd:T-FSD2781,urn:nbn:fi:csc-kata20141222161902438139
urn:nbn:fi:fsd:T-FSD2783,urn:nbn:fi:csc-kata20141222161904510166
urn:nbn:fi:fsd:T-FSD2784,urn:nbn:fi:csc-kata20141222161905627032
urn:nbn:fi:fsd:T-FSD2785,urn:nbn:fi:csc-kata20141222161907046957
urn:nbn:fi:fsd:T-FSD2786,urn:nbn:fi:csc-kata20160124040222511738
urn:nbn:fi:fsd:T-FSD2787,urn:nbn:fi:csc-kata20150210040130085353
urn:nbn:fi:fsd:T-FSD2788,urn:nbn:fi:csc-kata20141222161908806017
urn:nbn:fi:fsd:T-FSD2789,urn:nbn:fi:csc-kata20141222161910783293
urn:nbn:fi:fsd:T-FSD2791,urn:nbn:fi:csc-kata20141222161924211973
urn:nbn:fi:fsd:T-FSD2792,urn:nbn:fi:csc-kata20141222161926613543
urn:nbn:fi:fsd:T-FSD2793,urn:nbn:fi:csc-kata20141222161928162354
urn:nbn:fi:fsd:T-FSD2794,urn:nbn:fi:csc-kata20141222161930923590
urn:nbn:fi:fsd:T-FSD2795,urn:nbn:fi:csc-kata20141222161932519830
urn:nbn:fi:fsd:T-FSD2796,urn:nbn:fi:csc-kata20141222161934658622
urn:nbn:fi:fsd:T-FSD2797,urn:nbn:fi:csc-kata20141222161936610280
urn:nbn:fi:fsd:T-FSD2798,urn:nbn:fi:csc-kata20141222161938583489
urn:nbn:fi:fsd:T-FSD2799,urn:nbn:fi:csc-kata20141222161940146284
urn:nbn:fi:fsd:T-FSD2800,urn:nbn:fi:csc-kata20141222161941667961
urn:nbn:fi:fsd:T-FSD2801,urn:nbn:fi:csc-kata20141222161943386420
urn:nbn:fi:fsd:T-FSD2802,urn:nbn:fi:csc-kata20141222161945025158
urn:nbn:fi:fsd:T-FSD2803,urn:nbn:fi:csc-kata20141222161946477320
urn:nbn:fi:fsd:T-FSD2804,urn:nbn:fi:csc-kata20141222161948415237
urn:nbn:fi:fsd:T-FSD2805,urn:nbn:fi:csc-kata20141222161949874465
urn:nbn:fi:fsd:T-FSD2806,urn:nbn:fi:csc-kata20141222161951588387
urn:nbn:fi:fsd:T-FSD2807,urn:nbn:fi:csc-kata20141222161953889260
urn:nbn:fi:fsd:T-FSD2808,urn:nbn:fi:csc-kata20141222161956962575
urn:nbn:fi:fsd:T-FSD2809,urn:nbn:fi:csc-kata20141222162000093178
urn:nbn:fi:fsd:T-FSD2810,urn:nbn:fi:csc-kata20141222162001734075
urn:nbn:fi:fsd:T-FSD2811,urn:nbn:fi:csc-kata20141222162003500589
urn:nbn:fi:fsd:T-FSD2812,urn:nbn:fi:csc-kata20141222162005983150
urn:nbn:fi:fsd:T-FSD2813,urn:nbn:fi:csc-kata20141222162008242323
urn:nbn:fi:fsd:T-FSD2814,urn:nbn:fi:csc-kata20141222162010766996
urn:nbn:fi:fsd:T-FSD2815,urn:nbn:fi:csc-kata20141222162011898407
urn:nbn:fi:fsd:T-FSD2816,urn:nbn:fi:csc-kata20141222162013100539
urn:nbn:fi:fsd:T-FSD2817,urn:nbn:fi:csc-kata20141222162014387577
urn:nbn:fi:fsd:T-FSD2818,urn:nbn:fi:csc-kata20141222162015519119
urn:nbn:fi:fsd:T-FSD2819,urn:nbn:fi:csc-kata20141222162016655571
urn:nbn:fi:fsd:T-FSD2820,urn:nbn:fi:csc-kata20141222162018342569
urn:nbn:fi:fsd:T-FSD2821,urn:nbn:fi:csc-kata20141222162020269817
urn:nbn:fi:fsd:T-FSD2822,urn:nbn:fi:csc-kata20141222162021897349
urn:nbn:fi:fsd:T-FSD2823,urn:nbn:fi:csc-kata20150107040133874839
urn:nbn:fi:fsd:T-FSD2824,urn:nbn:fi:csc-kata20141222162023382383
urn:nbn:fi:fsd:T-FSD2825,urn:nbn:fi:csc-kata20141222162025127275
urn:nbn:fi:fsd:T-FSD2826,urn:nbn:fi:csc-kata20141222162027618435
urn:nbn:fi:fsd:T-FSD2827,urn:nbn:fi:csc-kata20141222162028762818
urn:nbn:fi:fsd:T-FSD2828,urn:nbn:fi:csc-kata20141222162029997679
urn:nbn:fi:fsd:T-FSD2829,urn:nbn:fi:csc-kata20151223040615672467
urn:nbn:fi:fsd:T-FSD2830,urn:nbn:fi:csc-kata20141222162031454011
urn:nbn:fi:fsd:T-FSD2831,urn:nbn:fi:csc-kata20141222162032578831
urn:nbn:fi:fsd:T-FSD2832,urn:nbn:fi:csc-kata20141222162034551836
urn:nbn:fi:fsd:T-FSD2833,urn:nbn:fi:csc-kata20141222162036472596
urn:nbn:fi:fsd:T-FSD2834,urn:nbn:fi:csc-kata20141222162038528925
urn:nbn:fi:fsd:T-FSD2835,urn:nbn:fi:csc-kata20141222162039986681
urn:nbn:fi:fsd:T-FSD2836,urn:nbn:fi:csc-kata20141222162042525116
urn:nbn:fi:fsd:T-FSD2837,urn:nbn:fi:csc-kata20150212040200997530
urn:nbn:fi:fsd:T-FSD2838,urn:nbn:fi:csc-kata20141222162045071974
urn:nbn:fi:fsd:T-FSD2840,urn:nbn:fi:csc-kata20141222162046275515
urn:nbn:fi:fsd:T-FSD2841,urn:nbn:fi:csc-kata20141222162048032703
urn:nbn:fi:fsd:T-FSD2842,urn:nbn:fi:csc-kata20141222162049321091
urn:nbn:fi:fsd:T-FSD2843,urn:nbn:fi:csc-kata20150630040129439654
urn:nbn:fi:fsd:T-FSD2844,urn:nbn:fi:csc-kata20141222162050745417
urn:nbn:fi:fsd:T-FSD2845,urn:nbn:fi:csc-kata20141222162051937845
urn:nbn:fi:fsd:T-FSD2846,urn:nbn:fi:csc-kata20141222162054172072
urn:nbn:fi:fsd:T-FSD2847,urn:nbn:fi:csc-kata20141222162055862767
urn:nbn:fi:fsd:T-FSD2848,urn:nbn:fi:csc-kata20141222162058235461
urn:nbn:fi:fsd:T-FSD2849,urn:nbn:fi:csc-kata20141222162100616602
urn:nbn:fi:fsd:T-FSD2850,urn:nbn:fi:csc-kata20171122040449189216
urn:nbn:fi:fsd:T-FSD2851,urn:nbn:fi:csc-kata20150107040135589587
urn:nbn:fi:fsd:T-FSD2852,urn:nbn:fi:csc-kata20141222162102171888
urn:nbn:fi:fsd:T-FSD2853,urn:nbn:fi:csc-kata20141222162103722202
urn:nbn:fi:fsd:T-FSD2854,urn:nbn:fi:csc-kata20141222162105403115
urn:nbn:fi:fsd:T-FSD2855,urn:nbn:fi:csc-kata20141222162106743854
urn:nbn:fi:fsd:T-FSD2856,urn:nbn:fi:csc-kata20141222162108028882
urn:nbn:fi:fsd:T-FSD2857,urn:nbn:fi:csc-kata20141222162109557518
urn:nbn:fi:fsd:T-FSD2858,urn:nbn:fi:csc-kata20141222162110982152
urn:nbn:fi:fsd:T-FSD2859,urn:nbn:fi:csc-kata20141222162113105019
urn:nbn:fi:fsd:T-FSD2861,urn:nbn:fi:csc-kata20141222162114666913
urn:nbn:fi:fsd:T-FSD2862,urn:nbn:fi:csc-kata20141222162116562401
urn:nbn:fi:fsd:T-FSD2863,urn:nbn:fi:csc-kata20141222162117896802
urn:nbn:fi:fsd:T-FSD2864,urn:nbn:fi:csc-kata20141222162119018973
urn:nbn:fi:fsd:T-FSD2865,urn:nbn:fi:csc-kata20141222162120478218
urn:nbn:fi:fsd:T-FSD2866,urn:nbn:fi:csc-kata20141222162122334753
urn:nbn:fi:fsd:T-FSD2867,urn:nbn:fi:csc-kata20141222162123596729
urn:nbn:fi:fsd:T-FSD2868,urn:nbn:fi:csc-kata20141222162125518182
urn:nbn:fi:fsd:T-FSD2869,urn:nbn:fi:csc-kata20141222162126968713
urn:nbn:fi:fsd:T-FSD2870,urn:nbn:fi:csc-kata20141222162128371896
urn:nbn:fi:fsd:T-FSD2871,urn:nbn:fi:csc-kata20141222162130240121
urn:nbn:fi:fsd:T-FSD2872,urn:nbn:fi:csc-kata20141222162132195031
urn:nbn:fi:fsd:T-FSD2873,urn:nbn:fi:csc-kata20141222162133944991
urn:nbn:fi:fsd:T-FSD2874,urn:nbn:fi:csc-kata20141222162135568208
urn:nbn:fi:fsd:T-FSD2875,urn:nbn:fi:csc-kata20141222162137615898
urn:nbn:fi:fsd:T-FSD2876,urn:nbn:fi:csc-kata20141222162139005235
urn:nbn:fi:fsd:T-FSD2877,urn:nbn:fi:csc-kata20141222162140799870
urn:nbn:fi:fsd:T-FSD2878,urn:nbn:fi:csc-kata20141222162142348066
urn:nbn:fi:fsd:T-FSD2879,urn:nbn:fi:csc-kata20141222162144066582
urn:nbn:fi:fsd:T-FSD2880,urn:nbn:fi:csc-kata20141222162146004573
urn:nbn:fi:fsd:T-FSD2882,urn:nbn:fi:csc-kata20141222162147054076
urn:nbn:fi:fsd:T-FSD2883,urn:nbn:fi:csc-kata20141222162148297999
urn:nbn:fi:fsd:T-FSD2884,urn:nbn:fi:csc-kata20141222162151598417
urn:nbn:fi:fsd:T-FSD2885,urn:nbn:fi:csc-kata20141222162153896912
urn:nbn:fi:fsd:T-FSD2886,urn:nbn:fi:csc-kata20141222162155787087
urn:nbn:fi:fsd:T-FSD2887,urn:nbn:fi:csc-kata20141222162158713235
urn:nbn:fi:fsd:T-FSD2888,urn:nbn:fi:csc-kata20141222162200707481
urn:nbn:fi:fsd:T-FSD2889,urn:nbn:fi:csc-kata20141222162202513986
urn:nbn:fi:fsd:T-FSD2890,urn:nbn:fi:csc-kata20150109040140454163
urn:nbn:fi:fsd:T-FSD2891,urn:nbn:fi:csc-kata20150109040142543334
urn:nbn:fi:fsd:T-FSD2892,urn:nbn:fi:csc-kata20150610040149721763
urn:nbn:fi:fsd:T-FSD2893,urn:nbn:fi:csc-kata20150109040144035295
urn:nbn:fi:fsd:T-FSD2894,urn:nbn:fi:csc-kata20150624040133747634
urn:nbn:fi:fsd:T-FSD2895,urn:nbn:fi:csc-kata20150612040205526727
urn:nbn:fi:fsd:T-FSD2896,urn:nbn:fi:csc-kata20150111040242835806
urn:nbn:fi:fsd:T-FSD2897,urn:nbn:fi:csc-kata20150624040137196899
urn:nbn:fi:fsd:T-FSD2898,urn:nbn:fi:csc-kata20150702040144465084
urn:nbn:fi:fsd:T-FSD2899,urn:nbn:fi:csc-kata20150714040229805534
urn:nbn:fi:fsd:T-FSD2900,urn:nbn:fi:csc-kata20150718040131299008
urn:nbn:fi:fsd:T-FSD2901,urn:nbn:fi:csc-kata20150702040146284820
urn:nbn:fi:fsd:T-FSD2902,urn:nbn:fi:csc-kata20150716040135379668
urn:nbn:fi:fsd:T-FSD2903,urn:nbn:fi:csc-kata20150718040135111308
urn:nbn:fi:fsd:T-FSD2904,urn:nbn:fi:csc-kata20151111040141445011
urn:nbn:fi:fsd:T-FSD2905,urn:nbn:fi:csc-kata20150813040236937215
urn:nbn:fi:fsd:T-FSD2906,urn:nbn:fi:csc-kata20150813040239937929
urn:nbn:fi:fsd:T-FSD2907,urn:nbn:fi:csc-kata20150716040137432436
urn:nbn:fi:fsd:T-FSD2908,urn:nbn:fi:csc-kata20150813040243660144
urn:nbn:fi:fsd:T-FSD2909,urn:nbn:fi:csc-kata20150813040246079910
urn:nbn:fi:fsd:T-FSD2910,urn:nbn:fi:csc-kata20150716040140247465
urn:nbn:fi:fsd:T-FSD2911,urn:nbn:fi:csc-kata20150813040249492602
urn:nbn:fi:fsd:T-FSD2912,urn:nbn:fi:csc-kata20150813040252014351
urn:nbn:fi:fsd:T-FSD2913,urn:nbn:fi:csc-kata20141222162204367085
urn:nbn:fi:fsd:T-FSD2914,urn:nbn:fi:csc-kata20141222162206575127
urn:nbn:fi:fsd:T-FSD2915,urn:nbn:fi:csc-kata20141222162207872763
urn:nbn:fi:fsd:T-FSD2916,urn:nbn:fi:csc-kata20150606040219206138
urn:nbn:fi:fsd:T-FSD2917,urn:nbn:fi:csc-kata20141222162209383704
urn:nbn:fi:fsd:T-FSD2918,urn:nbn:fi:csc-kata20141222162211069193
urn:nbn:fi:fsd:T-FSD2919,urn:nbn:fi:csc-kata20141222162212754568
urn:nbn:fi:fsd:T-FSD2920,urn:nbn:fi:csc-kata20141222162214181765
urn:nbn:fi:fsd:T-FSD2921,urn:nbn:fi:csc-kata20141222162215537286
urn:nbn:fi:fsd:T-FSD2922,urn:nbn:fi:csc-kata20141222162218342370
urn:nbn:fi:fsd:T-FSD2923,urn:nbn:fi:csc-kata20150708040129925249
urn:nbn:fi:fsd:T-FSD2924,urn:nbn:fi:csc-kata20141222162223137187
urn:nbn:fi:fsd:T-FSD2925,urn:nbn:fi:csc-kata20160622040313913528
urn:nbn:fi:fsd:T-FSD2926,urn:nbn:fi:csc-kata20150107040137007666
urn:nbn:fi:fsd:T-FSD2927,urn:nbn:fi:csc-kata20141222162225142219
urn:nbn:fi:fsd:T-FSD2928,urn:nbn:fi:csc-kata20141222162226831446
urn:nbn:fi:fsd:T-FSD2929,urn:nbn:fi:csc-kata20141222162228803568
urn:nbn:fi:fsd:T-FSD2930,urn:nbn:fi:csc-kata20141222162230759349
urn:nbn:fi:fsd:T-FSD2931,urn:nbn:fi:csc-kata20141222162232700731
urn:nbn:fi:fsd:T-FSD2932,urn:nbn:fi:csc-kata20141222162234658281
urn:nbn:fi:fsd:T-FSD2933,urn:nbn:fi:csc-kata20141222162236447526
urn:nbn:fi:fsd:T-FSD2934,urn:nbn:fi:csc-kata20141222162237995006
urn:nbn:fi:fsd:T-FSD2935,urn:nbn:fi:csc-kata20141222162238840501
urn:nbn:fi:fsd:T-FSD2936,urn:nbn:fi:csc-kata20141222162240002112
urn:nbn:fi:fsd:T-FSD2937,urn:nbn:fi:csc-kata20141222162241751334
urn:nbn:fi:fsd:T-FSD2938,urn:nbn:fi:csc-kata20141222162243815749
urn:nbn:fi:fsd:T-FSD2939,urn:nbn:fi:csc-kata20141222162245672539
urn:nbn:fi:fsd:T-FSD2940,urn:nbn:fi:csc-kata20141222162246895937
urn:nbn:fi:fsd:T-FSD2941,urn:nbn:fi:csc-kata20160924040201868518
urn:nbn:fi:fsd:T-FSD2942,urn:nbn:fi:csc-kata20141222162248407636
urn:nbn:fi:fsd:T-FSD2943,urn:nbn:fi:csc-kata20150409040237152792
urn:nbn:fi:fsd:T-FSD2944,urn:nbn:fi:csc-kata20141222162249891564
urn:nbn:fi:fsd:T-FSD2945,urn:nbn:fi:csc-kata20141222162252050200
urn:nbn:fi:fsd:T-FSD2946,urn:nbn:fi:csc-kata20141222162253449075
urn:nbn:fi:fsd:T-FSD2947,urn:nbn:fi:csc-kata20150425040130916243
urn:nbn:fi:fsd:T-FSD2948,urn:nbn:fi:csc-kata20141222162255331785
urn:nbn:fi:fsd:T-FSD2949,urn:nbn:fi:csc-kata20141222162257116044
urn:nbn:fi:fsd:T-FSD2950,urn:nbn:fi:csc-kata20141222162258680492
urn:nbn:fi:fsd:T-FSD2951,urn:nbn:fi:csc-kata20141222162300514383
urn:nbn:fi:fsd:T-FSD2952,urn:nbn:fi:csc-kata20150523040133228649
urn:nbn:fi:fsd:T-FSD2953,urn:nbn:fi:csc-kata20141222162303177702
urn:nbn:fi:fsd:T-FSD2954,urn:nbn:fi:csc-kata20141222162304902795
urn:nbn:fi:fsd:T-FSD2955,urn:nbn:fi:csc-kata20141222162306553138
urn:nbn:fi:fsd:T-FSD2956,urn:nbn:fi:csc-kata20141222162307945657
urn:nbn:fi:fsd:T-FSD2957,urn:nbn:fi:csc-kata20141222162309085890
urn:nbn:fi:fsd:T-FSD2958,urn:nbn:fi:csc-kata20141222162311844457
urn:nbn:fi:fsd:T-FSD2959,urn:nbn:fi:csc-kata20141222162315460087
urn:nbn:fi:fsd:T-FSD2960,urn:nbn:fi:csc-kata20150103040131253419
urn:nbn:fi:fsd:T-FSD2961,urn:nbn:fi:csc-kata20141222162316983266
urn:nbn:fi:fsd:T-FSD2962,urn:nbn:fi:csc-kata20180127044312725071
urn:nbn:fi:fsd:T-FSD2963,urn:nbn:fi:csc-kata20150417040228954610
urn:nbn:fi:fsd:T-FSD2964,urn:nbn:fi:csc-kata20141222162318263456
urn:nbn:fi:fsd:T-FSD2965,urn:nbn:fi:csc-kata20141222162319371120
urn:nbn:fi:fsd:T-FSD2966,urn:nbn:fi:csc-kata20150626040201226509
urn:nbn:fi:fsd:T-FSD2967,urn:nbn:fi:csc-kata20150626040203524315
urn:nbn:fi:fsd:T-FSD2968,urn:nbn:fi:csc-kata20150626040205519325
urn:nbn:fi:fsd:T-FSD2969,urn:nbn:fi:csc-kata20150626040207451921
urn:nbn:fi:fsd:T-FSD2970,urn:nbn:fi:csc-kata20150827040135369862
urn:nbn:fi:fsd:T-FSD2971,urn:nbn:fi:csc-kata20150819040149786189
urn:nbn:fi:fsd:T-FSD2972,urn:nbn:fi:csc-kata20150813040303017330
urn:nbn:fi:fsd:T-FSD2973,urn:nbn:fi:csc-kata20150409040242575145
urn:nbn:fi:fsd:T-FSD2974,urn:nbn:fi:csc-kata20160310113741906809
urn:nbn:fi:fsd:T-FSD2975,urn:nbn:fi:csc-kata20151119040207200634
urn:nbn:fi:fsd:T-FSD2976,urn:nbn:fi:csc-kata20150606040222438808
urn:nbn:fi:fsd:T-FSD2977,urn:nbn:fi:csc-kata20150206040233237109
urn:nbn:fi:fsd:T-FSD2978,urn:nbn:fi:csc-kata20150409040246478695
urn:nbn:fi:fsd:T-FSD2979,urn:nbn:fi:csc-kata20150226040140827179
urn:nbn:fi:fsd:T-FSD2980,urn:nbn:fi:csc-kata20150411040231232487
urn:nbn:fi:fsd:T-FSD2981,urn:nbn:fi:csc-kata20150131040236894723
urn:nbn:fi:fsd:T-FSD2982,urn:nbn:fi:csc-kata20150121040236704521
urn:nbn:fi:fsd:T-FSD2983,urn:nbn:fi:csc-kata20150904040238425625
urn:nbn:fi:fsd:T-FSD2984,urn:nbn:fi:csc-kata20151002040148517339
urn:nbn:fi:fsd:T-FSD2985,urn:nbn:fi:csc-kata20151002040151080704
urn:nbn:fi:fsd:T-FSD2986,urn:nbn:fi:csc-kata20150813040304789563
urn:nbn:fi:fsd:T-FSD2987,urn:nbn:fi:csc-kata20160924040206046864
urn:nbn:fi:fsd:T-FSD2988,urn:nbn:fi:csc-kata20160924040208430294
urn:nbn:fi:fsd:T-FSD2991,urn:nbn:fi:csc-kata20160110040222515934
urn:nbn:fi:fsd:T-FSD2992,urn:nbn:fi:csc-kata20170221145717442995
urn:nbn:fi:fsd:T-FSD2993,urn:nbn:fi:csc-kata20150501040230693641
urn:nbn:fi:fsd:T-FSD2994,urn:nbn:fi:csc-kata20150718040138459052
urn:nbn:fi:fsd:T-FSD2995,urn:nbn:fi:csc-kata20150825040137519433
urn:nbn:fi:fsd:T-FSD2996,urn:nbn:fi:csc-kata20150813040308183511
urn:nbn:fi:fsd:T-FSD2997,urn:nbn:fi:csc-kata20151018040225114154
urn:nbn:fi:fsd:T-FSD2998,urn:nbn:fi:csc-kata20150409040249142782
urn:nbn:fi:fsd:T-FSD2999,urn:nbn:fi:csc-kata20160108040223778068
urn:nbn:fi:fsd:T-FSD3000,urn:nbn:fi:csc-kata20150409040252224869
urn:nbn:fi:fsd:T-FSD3001,urn:nbn:fi:csc-kata20150501040233198304
urn:nbn:fi:fsd:T-FSD3002,urn:nbn:fi:csc-kata20150702040154996662
urn:nbn:fi:fsd:T-FSD3003,urn:nbn:fi:csc-kata20150704040200608061
urn:nbn:fi:fsd:T-FSD3004,urn:nbn:fi:csc-kata20160110040223808573
urn:nbn:fi:fsd:T-FSD3005,urn:nbn:fi:csc-kata20150423040159803989
urn:nbn:fi:fsd:T-FSD3006,urn:nbn:fi:csc-kata20160906040144645674
urn:nbn:fi:fsd:T-FSD3007,urn:nbn:fi:csc-kata20160906040145641590
urn:nbn:fi:fsd:T-FSD3008,urn:nbn:fi:csc-kata20160906040146699846
urn:nbn:fi:fsd:T-FSD3009,urn:nbn:fi:csc-kata20160906040147705003
urn:nbn:fi:fsd:T-FSD3010,urn:nbn:fi:csc-kata20160906040148958801
urn:nbn:fi:fsd:T-FSD3011,urn:nbn:fi:csc-kata20160906040150013535
urn:nbn:fi:fsd:T-FSD3012,urn:nbn:fi:csc-kata20160906040151047660
urn:nbn:fi:fsd:T-FSD3013,urn:nbn:fi:csc-kata20160906040152271774
urn:nbn:fi:fsd:T-FSD3014,urn:nbn:fi:csc-kata20150827040138164590
urn:nbn:fi:fsd:T-FSD3015,urn:nbn:fi:csc-kata20151030040122587944
urn:nbn:fi:fsd:T-FSD3016,urn:nbn:fi:csc-kata20150827040139876204
urn:nbn:fi:fsd:T-FSD3017,urn:nbn:fi:csc-kata20170126040132981240
urn:nbn:fi:fsd:T-FSD3018,urn:nbn:fi:csc-kata20160310113828309771
urn:nbn:fi:fsd:T-FSD3019,urn:nbn:fi:csc-kata20150523040135057010
urn:nbn:fi:fsd:T-FSD3020,urn:nbn:fi:csc-kata20150827040141549267
urn:nbn:fi:fsd:T-FSD3021,urn:nbn:fi:csc-kata20161114135440391722
urn:nbn:fi:fsd:T-FSD3022,urn:nbn:fi:csc-kata20151002040154661982
urn:nbn:fi:fsd:T-FSD3023,urn:nbn:fi:csc-kata20180127044507049049
urn:nbn:fi:fsd:T-FSD3024,urn:nbn:fi:csc-kata20160102040223375650
urn:nbn:fi:fsd:T-FSD3026,urn:nbn:fi:csc-kata20170520040301407282
urn:nbn:fi:fsd:T-FSD3027,urn:nbn:fi:csc-kata20180127044512095928
urn:nbn:fi:fsd:T-FSD3028,urn:nbn:fi:csc-kata20150604040131331289
urn:nbn:fi:fsd:T-FSD3029,urn:nbn:fi:csc-kata20160322040142478711
urn:nbn:fi:fsd:T-FSD3030,urn:nbn:fi:csc-kata20170126040133923898
urn:nbn:fi:fsd:T-FSD3031,urn:nbn:fi:csc-kata20160310113835870036
urn:nbn:fi:fsd:T-FSD3032,urn:nbn:fi:csc-kata20151002040157553320
urn:nbn:fi:fsd:T-FSD3033,urn:nbn:fi:csc-kata20150616040231263733
urn:nbn:fi:fsd:T-FSD3034,urn:nbn:fi:csc-kata20150616040233611976
urn:nbn:fi:fsd:T-FSD3035,urn:nbn:fi:csc-kata20150616040236118132
urn:nbn:fi:fsd:T-FSD3036,urn:nbn:fi:csc-kata20150616040238398290
urn:nbn:fi:fsd:T-FSD3037,urn:nbn:fi:csc-kata20150813040311548505
urn:nbn:fi:fsd:T-FSD3038,urn:nbn:fi:csc-kata20150813040314350684
urn:nbn:fi:fsd:T-FSD3039,urn:nbn:fi:csc-kata20150628040212373900
urn:nbn:fi:fsd:T-FSD3040,urn:nbn:fi:csc-kata20150829040244213795
urn:nbn:fi:fsd:T-FSD3041,urn:nbn:fi:csc-kata20150813040317950095
urn:nbn:fi:fsd:T-FSD3042,urn:nbn:fi:csc-kata20171108040148575487
urn:nbn:fi:fsd:T-FSD3043,urn:nbn:fi:csc-kata20171114040129099297
urn:nbn:fi:fsd:T-FSD3044,urn:nbn:fi:csc-kata20151002040200586485
urn:nbn:fi:fsd:T-FSD3045,urn:nbn:fi:csc-kata20160825040133706384
urn:nbn:fi:fsd:T-FSD3046,urn:nbn:fi:csc-kata20150823040134633377
urn:nbn:fi:fsd:T-FSD3047,urn:nbn:fi:csc-kata20151105040123332635
urn:nbn:fi:fsd:T-FSD3048,urn:nbn:fi:csc-kata20151002040203254179
urn:nbn:fi:fsd:T-FSD3049,urn:nbn:fi:csc-kata20151002040205622392
urn:nbn:fi:fsd:T-FSD3050,urn:nbn:fi:csc-kata20160825040134975869
urn:nbn:fi:fsd:T-FSD3051,urn:nbn:fi:csc-kata20160825040136067092
urn:nbn:fi:fsd:T-FSD3052,urn:nbn:fi:csc-kata20160825040137262606
urn:nbn:fi:fsd:T-FSD3053,urn:nbn:fi:csc-kata20160825040138375487
urn:nbn:fi:fsd:T-FSD3056,urn:nbn:fi:csc-kata20170727040135067549
urn:nbn:fi:fsd:T-FSD3057,urn:nbn:fi:csc-kata20170727040137169344
urn:nbn:fi:fsd:T-FSD3058,urn:nbn:fi:csc-kata20170512040149589796
urn:nbn:fi:fsd:T-FSD3059,urn:nbn:fi:csc-kata20170518040136732981
urn:nbn:fi:fsd:T-FSD3062,urn:nbn:fi:csc-kata20151111040144727444
urn:nbn:fi:fsd:T-FSD3063,urn:nbn:fi:csc-kata20160126040126840544
urn:nbn:fi:fsd:T-FSD3064,urn:nbn:fi:csc-kata20160318040619011716
urn:nbn:fi:fsd:T-FSD3065,urn:nbn:fi:csc-kata20160825040139429458
urn:nbn:fi:fsd:T-FSD3066,urn:nbn:fi:csc-kata20160122040238020959
urn:nbn:fi:fsd:T-FSD3067,urn:nbn:fi:csc-kata20160902040210107042
urn:nbn:fi:fsd:T-FSD3068,urn:nbn:fi:csc-kata20160122040239911741
urn:nbn:fi:fsd:T-FSD3069,urn:nbn:fi:csc-kata20160831040151675598
urn:nbn:fi:fsd:T-FSD3070,urn:nbn:fi:csc-kata20160831040153366041
urn:nbn:fi:fsd:T-FSD3071,urn:nbn:fi:csc-kata20160831040155155502
urn:nbn:fi:fsd:T-FSD3072,urn:nbn:fi:csc-kata20160310113903695318
urn:nbn:fi:fsd:T-FSD3073,urn:nbn:fi:csc-kata20170614040209254889
urn:nbn:fi:fsd:T-FSD3074,urn:nbn:fi:csc-kata20160128040122054305
urn:nbn:fi:fsd:T-FSD3075,urn:nbn:fi:csc-kata20180103042007393042
urn:nbn:fi:fsd:T-FSD3076,urn:nbn:fi:csc-kata20170221145917661283
urn:nbn:fi:fsd:T-FSD3077,urn:nbn:fi:csc-kata20160114040125659097
urn:nbn:fi:fsd:T-FSD3079,urn:nbn:fi:csc-kata20161114135545840805
urn:nbn:fi:fsd:T-FSD3080,urn:nbn:fi:csc-kata20160908040127209469
urn:nbn:fi:fsd:T-FSD3081,urn:nbn:fi:csc-kata20160916040136988941
urn:nbn:fi:fsd:T-FSD3082,urn:nbn:fi:csc-kata20160310113908071216
urn:nbn:fi:fsd:T-FSD3083,urn:nbn:fi:csc-kata20160825040140933808
urn:nbn:fi:fsd:T-FSD3084,urn:nbn:fi:csc-kata20180314040134251615
urn:nbn:fi:fsd:T-FSD3085,urn:nbn:fi:csc-kata20160310113909572148
urn:nbn:fi:fsd:T-FSD3086,urn:nbn:fi:csc-kata20160310113910873742
urn:nbn:fi:fsd:T-FSD3087,urn:nbn:fi:csc-kata20161201040249151488
urn:nbn:fi:fsd:T-FSD3088,urn:nbn:fi:csc-kata20160928040153924807
urn:nbn:fi:fsd:T-FSD3089,urn:nbn:fi:csc-kata20170609041444613804
urn:nbn:fi:fsd:T-FSD3090,urn:nbn:fi:csc-kata20170516040137622992
urn:nbn:fi:fsd:T-FSD3091,urn:nbn:fi:csc-kata20180407040141724329
urn:nbn:fi:fsd:T-FSD3092,urn:nbn:fi:csc-kata20160614040245352984
urn:nbn:fi:fsd:T-FSD3093,urn:nbn:fi:csc-kata20160324040238811567
urn:nbn:fi:fsd:T-FSD3094,urn:nbn:fi:csc-kata20170221145942846167
urn:nbn:fi:fsd:T-FSD3095,urn:nbn:fi:csc-kata20161114135602483346
urn:nbn:fi:fsd:T-FSD3097,urn:nbn:fi:csc-kata20160310113911983849
urn:nbn:fi:fsd:T-FSD3098,urn:nbn:fi:csc-kata20160312040131590784
urn:nbn:fi:fsd:T-FSD3099,urn:nbn:fi:csc-kata20180127044725621384
urn:nbn:fi:fsd:T-FSD3103,urn:nbn:fi:csc-kata20180127044727442747
urn:nbn:fi:fsd:T-FSD3104,urn:nbn:fi:csc-kata20160618040151053844
urn:nbn:fi:fsd:T-FSD3105,urn:nbn:fi:csc-kata20160610040147860369
urn:nbn:fi:fsd:T-FSD3106,urn:nbn:fi:csc-kata20160415040134926501
urn:nbn:fi:fsd:T-FSD3107,urn:nbn:fi:csc-kata20180127044736586318
urn:nbn:fi:fsd:T-FSD3108,urn:nbn:fi:csc-kata20161201040251571083
urn:nbn:fi:fsd:T-FSD3109,urn:nbn:fi:csc-kata20180127044740413541
urn:nbn:fi:fsd:T-FSD3110,urn:nbn:fi:csc-kata20171025040157674047
urn:nbn:fi:fsd:T-FSD3111,urn:nbn:fi:csc-kata20180127044744659034
urn:nbn:fi:fsd:T-FSD3112,urn:nbn:fi:csc-kata20171122040514420302
urn:nbn:fi:fsd:T-FSD3113,urn:nbn:fi:csc-kata20180127044748370817
urn:nbn:fi:fsd:T-FSD3114,urn:nbn:fi:csc-kata20160902040211571185
urn:nbn:fi:fsd:T-FSD3115,urn:nbn:fi:csc-kata20161026040257293917
urn:nbn:fi:fsd:T-FSD3116,urn:nbn:fi:csc-kata20161114135615351853
urn:nbn:fi:fsd:T-FSD3117,urn:nbn:fi:csc-kata20161114135617266018
urn:nbn:fi:fsd:T-FSD3118,urn:nbn:fi:csc-kata20161114135618995147
urn:nbn:fi:fsd:T-FSD3119,urn:nbn:fi:csc-kata20161114135620848092
urn:nbn:fi:fsd:T-FSD3120,urn:nbn:fi:csc-kata20161014040239176023
urn:nbn:fi:fsd:T-FSD3121,urn:nbn:fi:csc-kata20161014040240744282
urn:nbn:fi:fsd:T-FSD3122,urn:nbn:fi:csc-kata20170616040312529526
urn:nbn:fi:fsd:T-FSD3123,urn:nbn:fi:csc-kata20161114135625374190
urn:nbn:fi:fsd:T-FSD3125,urn:nbn:fi:csc-kata20161020040158811687
urn:nbn:fi:fsd:T-FSD3126,urn:nbn:fi:csc-kata20170603040137455601
urn:nbn:fi:fsd:T-FSD3127,urn:nbn:fi:csc-kata20180127044812554222
urn:nbn:fi:fsd:T-FSD3128,urn:nbn:fi:csc-kata20171116040230052714
urn:nbn:fi:fsd:T-FSD3129,urn:nbn:fi:csc-kata20171108040150291428
urn:nbn:fi:fsd:T-FSD3130,urn:nbn:fi:csc-kata20170804040146887800
urn:nbn:fi:fsd:T-FSD3131,urn:nbn:fi:csc-kata20161118040248338046
urn:nbn:fi:fsd:T-FSD3132,urn:nbn:fi:csc-kata20180127044823370132
urn:nbn:fi:fsd:T-FSD3133,urn:nbn:fi:csc-kata20180127044825872058
urn:nbn:fi:fsd:T-FSD3134,urn:nbn:fi:csc-kata20170124040154787765
urn:nbn:fi:fsd:T-FSD3135,urn:nbn:fi:csc-kata20170221150018068741
urn:nbn:fi:fsd:T-FSD3136,urn:nbn:fi:csc-kata20180127044832872204
urn:nbn:fi:fsd:T-FSD3137,urn:nbn:fi:csc-kata20180127044835080295
urn:nbn:fi:fsd:T-FSD3138,urn:nbn:fi:csc-kata20180127044836829052
urn:nbn:fi:fsd:T-FSD3139,urn:nbn:fi:csc-kata20180127044838567838
urn:nbn:fi:fsd:T-FSD3142,urn:nbn:fi:csc-kata20180127044840966713
urn:nbn:fi:fsd:T-FSD3144,urn:nbn:fi:csc-kata20180127044843306005
urn:nbn:fi:fsd:T-FSD3145,urn:nbn:fi:csc-kata20180119040200288771
urn:nbn:fi:fsd:T-FSD3146,urn:nbn:fi:csc-kata20170128040131686317
urn:nbn:fi:fsd:T-FSD3147,urn:nbn:fi:csc-kata20180127044847160893
urn:nbn:fi:fsd:T-FSD3148,urn:nbn:fi:csc-kata20180127044848735588
urn:nbn:fi:fsd:T-FSD3149,urn:nbn:fi:csc-kata20171108040151577886
urn:nbn:fi:fsd:T-FSD3150,urn:nbn:fi:csc-kata20170609041446281645
urn:nbn:fi:fsd:T-FSD3151,urn:nbn:fi:csc-kata20180127044854376609
urn:nbn:fi:fsd:T-FSD3152,urn:nbn:fi:csc-kata20171108040153373515
urn:nbn:fi:fsd:T-FSD3153,urn:nbn:fi:csc-kata20171108040154735471
urn:nbn:fi:fsd:T-FSD3154,urn:nbn:fi:csc-kata20170609041447977816
urn:nbn:fi:fsd:T-FSD3155,urn:nbn:fi:csc-kata20171222040141184623
urn:nbn:fi:fsd:T-FSD3156,urn:nbn:fi:csc-kata20170520040309839919
urn:nbn:fi:fsd:T-FSD3157,urn:nbn:fi:csc-kata20170514040226431026
urn:nbn:fi:fsd:T-FSD3158,urn:nbn:fi:csc-kata20171104040255742587
urn:nbn:fi:fsd:T-FSD3159,urn:nbn:fi:csc-kata20171025040200089953
urn:nbn:fi:fsd:T-FSD3160,urn:nbn:fi:csc-kata20171025040202671726
urn:nbn:fi:fsd:T-FSD3161,urn:nbn:fi:csc-kata20171104040258919935
urn:nbn:fi:fsd:T-FSD3162,urn:nbn:fi:csc-kata20180127044916586752
urn:nbn:fi:fsd:T-FSD3163,urn:nbn:fi:csc-kata20180127044918816587
urn:nbn:fi:fsd:T-FSD3164,urn:nbn:fi:csc-kata20171025040204669668
urn:nbn:fi:fsd:T-FSD3165,urn:nbn:fi:csc-kata20180127044922153644
urn:nbn:fi:fsd:T-FSD3166,urn:nbn:fi:csc-kata20180127044923616387
urn:nbn:fi:fsd:T-FSD3167,urn:nbn:fi:csc-kata20180425040137504312
urn:nbn:fi:fsd:T-FSD3168,urn:nbn:fi:csc-kata20180413040138044106
urn:nbn:fi:fsd:T-FSD3169,urn:nbn:fi:csc-kata20170603040139185713
urn:nbn:fi:fsd:T-FSD3170,urn:nbn:fi:csc-kata20170802040147774583
urn:nbn:fi:fsd:T-FSD3171,urn:nbn:fi:csc-kata20170804040150028549
urn:nbn:fi:fsd:T-FSD3172,urn:nbn:fi:csc-kata20170804040153227113
urn:nbn:fi:fsd:T-FSD3173,urn:nbn:fi:csc-kata20180109040211050613
urn:nbn:fi:fsd:T-FSD3174,urn:nbn:fi:csc-kata20180419040141622026
urn:nbn:fi:fsd:T-FSD3176,urn:nbn:fi:csc-kata20180109040213115749
urn:nbn:fi:fsd:T-FSD3177,urn:nbn:fi:csc-kata20180109040215116202
urn:nbn:fi:fsd:T-FSD3178,urn:nbn:fi:csc-kata20180109040217299434
urn:nbn:fi:fsd:T-FSD3179,urn:nbn:fi:csc-kata20171116040231798796
urn:nbn:fi:fsd:T-FSD3180,urn:nbn:fi:csc-kata20180125040138733928
urn:nbn:fi:fsd:T-FSD3181,urn:nbn:fi:csc-kata20171216040135367306
urn:nbn:fi:fsd:T-FSD3182,urn:nbn:fi:csc-kata20180117040136444746
urn:nbn:fi:fsd:T-FSD3185,urn:nbn:fi:csc-kata20180222040136908646
urn:nbn:fi:fsd:T-FSD3186,urn:nbn:fi:csc-kata20171220040139236296
urn:nbn:fi:fsd:T-FSD3187,urn:nbn:fi:csc-kata20171027040201059346
urn:nbn:fi:fsd:T-FSD3193,urn:nbn:fi:csc-kata20180208040344519281
urn:nbn:fi:fsd:T-FSD3194,urn:nbn:fi:csc-kata20180208040347106240
urn:nbn:fi:fsd:T-FSD3195,urn:nbn:fi:csc-kata20180208040349263617
urn:nbn:fi:fsd:T-FSD3196,urn:nbn:fi:csc-kata20180208040351527576
urn:nbn:fi:fsd:T-FSD3197,urn:nbn:fi:csc-kata20180208040353693855
urn:nbn:fi:fsd:T-FSD3198,urn:nbn:fi:csc-kata20180208040356348212
urn:nbn:fi:fsd:T-FSD3199,urn:nbn:fi:csc-kata20180208040357817741
urn:nbn:fi:fsd:T-FSD3200,urn:nbn:fi:csc-kata20180208040359296005
urn:nbn:fi:fsd:T-FSD3201,urn:nbn:fi:csc-kata20180208040400812083
urn:nbn:fi:fsd:T-FSD3203,urn:nbn:fi:csc-kata20180216040142663179
urn:nbn:fi:fsd:T-FSD3205,urn:nbn:fi:csc-kata20180208040403535443
urn:nbn:fi:fsd:T-FSD3206,urn:nbn:fi:csc-kata20180419040143196294
urn:nbn:fi:fsd:T-FSD3207,urn:nbn:fi:csc-kata20180306040132465390
urn:nbn:fi:fsd:T-FSD3208,urn:nbn:fi:csc-kata20171216040137013491
urn:nbn:fi:fsd:T-FSD3217,urn:nbn:fi:csc-kata20180216040146462662
urn:nbn:fi:fsd:T-FSD3220,urn:nbn:fi:csc-kata20180405040134994404
urn:nbn:fi:fsd:T-FSD3223,urn:nbn:fi:csc-kata20180208040405562120
urn:nbn:fi:fsd:T-FSD3224,urn:nbn:fi:csc-kata20180314040139738803
urn:nbn:fi:fsd:T-FSD3234,urn:nbn:fi:csc-kata20180407040157517998
urn:nbn:fi:fsd:T-FSD3237,urn:nbn:fi:csc-kata20180310040144403910
urn:nbn:fi:fsd:T-FSD3238,urn:nbn:fi:csc-kata20180222040138754775
urn:nbn:fi:fsd:T-FSD3239,urn:nbn:fi:csc-kata20180304040134341572
